CREATE DATABASE  IF NOT EXISTS `neovault` /*!40100 DEFAULT CHARACTER SET utf8mb4 COLLATE utf8mb4_0900_ai_ci */ /*!80016 DEFAULT ENCRYPTION='N' */;
USE `neovault`;
-- MySQL dump 10.13  Distrib 8.0.36, for Linux (x86_64)
--
-- Host: 127.0.0.1    Database: neovault
-- ------------------------------------------------------
-- Server version	8.0.36-0ubuntu0.22.04.1

/*!40101 SET @OLD_CHARACTER_SET_CLIENT=@@CHARACTER_SET_CLIENT */;
/*!40101 SET @OLD_CHARACTER_SET_RESULTS=@@CHARACTER_SET_RESULTS */;
/*!40101 SET @OLD_COLLATION_CONNECTION=@@COLLATION_CONNECTION */;
/*!50503 SET NAMES utf8 */;
/*!40103 SET @OLD_TIME_ZONE=@@TIME_ZONE */;
/*!40103 SET TIME_ZONE='+00:00' */;
/*!40014 SET @OLD_UNIQUE_CHECKS=@@UNIQUE_CHECKS, UNIQUE_CHECKS=0 */;
/*!40014 SET @OLD_FOREIGN_KEY_CHECKS=@@FOREIGN_KEY_CHECKS, FOREIGN_KEY_CHECKS=0 */;
/*!40101 SET @OLD_SQL_MODE=@@SQL_MODE, SQL_MODE='NO_AUTO_VALUE_ON_ZERO' */;
/*!40111 SET @OLD_SQL_NOTES=@@SQL_NOTES, SQL_NOTES=0 */;

--
-- Table structure for table `neonate`
--

DROP TABLE IF EXISTS `neonate`;
/*!40101 SET @saved_cs_client     = @@character_set_client */;
/*!50503 SET character_set_client = utf8mb4 */;
CREATE TABLE `neonate` (
  `idneonate` int NOT NULL AUTO_INCREMENT,
  `age` double DEFAULT NULL,
  `size` double DEFAULT NULL,
  `headsize` double DEFAULT NULL,
  `weight` double DEFAULT NULL,
  `apgar1` int DEFAULT NULL,
  `apgar5` int DEFAULT NULL,
  `crib` double DEFAULT NULL,
  `neurologicalrisk` tinyint(1) DEFAULT NULL,
  `gender` mediumint unsigned DEFAULT NULL,
  `registrationdate` float DEFAULT NULL,
  `latestupdate` double DEFAULT NULL,
  PRIMARY KEY (`idneonate`)
) ENGINE=InnoDB AUTO_INCREMENT=12 DEFAULT CHARSET=utf8mb4 COLLATE=utf8mb4_0900_ai_ci;
/*!40101 SET character_set_client = @saved_cs_client */;

--
-- Dumping data for table `neonate`
--

LOCK TABLES `neonate` WRITE;
/*!40000 ALTER TABLE `neonate` DISABLE KEYS */;
INSERT INTO `neonate` VALUES (1,29,40,32.5,1390,6,8,2,0,0,1711450000,1711450914.3884718),(2,32,45,32,1550,5,8,0,0,0,1711450000,1711451582.4106195),(3,33,40,35,1685,6,7,0,0,0,1711450000,1711449707.2241411),(4,33,44,35,1860,7,9,0,0,0,1711450000,1711454121.659235),(5,31,39,-1,1170,6,9,-1,1,1,1711450000,1711449327.5987349),(6,32,40,31,1805,7,9,0,0,1,1711450000,1711454018.3575141),(7,31,41,-1,1460,9,10,-1,0,0,1711450000,1711453471.6060963),(8,29,40,-1,1350,8,8,1,0,0,1711450000,1711449327.5987349),(9,28,32,31,850,9,10,0,0,1,1711450000,1711449327.5987349),(10,29,38,35,1000,6,7,2,0,0,1711450000,1711449327.5987349),(11,27,42,-1,890,7,7,-1,0,0,1711450000,1711452635.3173327);
/*!40000 ALTER TABLE `neonate` ENABLE KEYS */;
UNLOCK TABLES;

--
-- Table structure for table `physiologicalinformation`
--

DROP TABLE IF EXISTS `physiologicalinformation`;
/*!40101 SET @saved_cs_client     = @@character_set_client */;
/*!50503 SET character_set_client = utf8mb4 */;
CREATE TABLE `physiologicalinformation` (
  `idphysiologicalinformation` int NOT NULL AUTO_INCREMENT,
  `idneonate` int DEFAULT NULL,
  `timestamp` double DEFAULT NULL,
  `heartrate` int DEFAULT NULL,
  `saturation` float DEFAULT NULL,
  PRIMARY KEY (`idphysiologicalinformation`)
) ENGINE=InnoDB AUTO_INCREMENT=3055 DEFAULT CHARSET=utf8mb4 COLLATE=utf8mb4_0900_ai_ci;
/*!40101 SET character_set_client = @saved_cs_client */;

--
-- Dumping data for table `physiologicalinformation`
--

LOCK TABLES `physiologicalinformation` WRITE;
/*!40000 ALTER TABLE `physiologicalinformation` DISABLE KEYS */;
INSERT INTO `physiologicalinformation` VALUES (1,10,1656061176.800895,145,98),(2,10,1656061236.800895,143,98),(3,10,1656061296.800895,140,98),(4,10,1656061356.800895,141,98),(5,10,1656061416.800895,142,97),(6,10,1656061476.800895,139,98),(7,10,1656061536.800895,141,97),(8,10,1656061596.800895,139,97),(9,10,1656061656.800895,144,98),(10,10,1656061716.800895,143,98),(11,10,1656061776.800895,142,98),(12,10,1656061836.800895,142,98),(13,10,1656061896.800895,141,97),(14,10,1656061956.800895,171,97),(15,10,1656062016.800895,138,92),(16,10,1656062076.800895,124,93),(17,10,1656062136.800895,150,95),(18,10,1656062196.800895,168,89),(19,10,1656062256.800895,128,93),(20,10,1656062316.800895,127,95),(21,10,1656062376.800895,146,96),(22,10,1656062436.800895,145,96),(23,10,1656062496.800895,147,95),(24,10,1656062556.800895,139,97),(25,10,1656062616.800895,163,96),(26,10,1656062676.800895,179,92),(27,10,1656062736.800895,179,89),(28,10,1656062796.800895,187,89),(29,10,1656062856.800895,150,94),(30,10,1656062916.800895,150,-1),(31,10,1656062976.800895,152,94),(32,10,1656063036.800895,150,93),(33,10,1656063096.800895,152,93),(34,10,1656063156.800895,156,93),(35,10,1656063216.800895,150,94),(36,10,1656063276.800895,164,94),(37,10,1656063336.800895,188,93),(38,10,1656063396.800895,179,91),(39,10,1656063456.800895,151,90),(40,10,1656063516.800895,150,94),(41,10,1656063576.800895,173,96),(42,10,1656063636.800895,183,96),(43,10,1656063696.800895,148,92),(44,10,1656063756.800895,152,95),(45,10,1656063816.800895,136,97),(46,10,1656063876.800895,160,96),(47,10,1656063936.800895,144,97),(48,10,1656063996.800895,142,97),(49,10,1656064056.800895,151,96),(50,10,1656064116.800895,152,96),(51,10,1656064176.800895,146,98),(52,10,1656064236.800895,157,95),(53,10,1656064296.800895,173,79),(54,10,1656064356.800895,149,90),(55,10,1656064416.800895,156,92),(56,10,1656064476.800895,148,88),(57,10,1656064536.800895,147,91),(58,10,1656064596.800895,143,91),(59,10,1656064656.800895,148,96),(60,10,1656064716.800895,146,95),(61,10,1656064776.800895,174,94),(62,10,1656064836.800895,141,93),(63,10,1656064896.800895,150,95),(64,10,1656064956.800895,147,97),(65,10,1656065016.800895,139,98),(66,10,1656065076.800895,125,98),(67,10,1656065136.800895,151,98),(68,10,1656065196.800895,146,99),(69,10,1656065256.800895,184,92),(70,10,1656065316.800895,182,89),(71,10,1656065376.800895,168,90),(72,10,1656065436.800895,139,93),(73,10,1656065496.800895,148,93),(74,10,1656065556.800895,148,97),(75,10,1656065616.800895,150,95),(76,10,1656065676.800895,149,97),(77,10,1656065736.800895,148,97),(78,10,1656065796.800895,144,97),(79,10,1656065856.800895,151,94),(80,10,1656065916.800895,136,96),(81,10,1656065976.800895,142,95),(82,10,1656066036.800895,144,95),(83,10,1656066096.800895,139,97),(84,10,1656066156.800895,145,96),(85,10,1656066216.800895,134,97),(86,10,1656066276.800895,136,98),(87,10,1656066336.800895,145,98),(88,10,1656066396.800895,144,-1),(89,10,1656066456.800895,139,97),(90,3,1686746072.50902,134,91),(91,3,1686746132.50902,139,94),(92,3,1686746192.50902,133,96),(93,3,1686746252.50902,131,99),(94,3,1686746312.50902,133,96),(95,3,1686746372.50902,134,98),(96,3,1686746432.50902,135,95),(97,3,1686746492.50902,135,94),(98,3,1686746552.50902,133,93),(99,3,1686746612.50902,134,93),(100,3,1686746672.50902,134,93),(101,3,1686746732.50902,119,94),(102,3,1686746792.50902,133,92),(103,3,1686746852.50902,134,93),(104,3,1686746912.50902,134,93),(105,3,1686746972.50902,134,93),(106,3,1686747032.50902,137,93),(107,3,1686747092.50902,130,93),(108,3,1686747152.50902,132,94),(109,3,1686747212.50902,133,95),(110,3,1686747272.50902,131,95),(111,3,1686747332.50902,134,94),(112,3,1686747392.50902,133,95),(113,3,1686747452.50902,133,95),(114,3,1686747512.50902,131,95),(115,3,1686747572.50902,132,95),(116,3,1686747632.50902,131,95),(117,3,1686747692.50902,132,94),(118,3,1686747752.50902,132,95),(119,3,1686747812.50902,131,94),(120,3,1686747872.50902,136,94),(121,3,1686747932.50902,130,95),(122,3,1686747992.50902,132,94),(123,3,1686748052.50902,134,95),(124,3,1686748112.50902,131,94),(125,3,1686748172.50902,134,94),(126,3,1686748232.50902,133,94),(127,3,1686748292.50902,133,93),(128,3,1686748352.50902,131,93),(129,3,1686748412.50902,127,91),(130,3,1686748472.50902,130,94),(131,3,1686748532.50902,130,94),(132,3,1686748592.50902,132,95),(133,3,1686748652.50902,129,95),(134,3,1686748712.50902,131,94),(135,3,1686748772.50902,132,95),(136,3,1686748832.50902,129,92),(137,3,1686748892.50902,133,93),(138,3,1686748952.50902,129,94),(139,3,1686749012.50902,131,94),(140,3,1686749072.50902,133,92),(141,3,1686749132.50902,133,92),(142,3,1686749192.50902,146,91),(143,3,1686749252.50902,150,90),(144,3,1686749312.50902,129,90),(145,3,1686749372.50902,138,88),(146,3,1686749432.50902,133,89),(147,3,1686749492.50902,141,92),(148,3,1686749552.50902,133,90),(149,3,1686749612.50902,133,88),(150,3,1686749672.50902,106,69),(151,3,1686749732.50902,139,83),(152,3,1686749792.50902,144,87),(153,3,1686749859.354212,142,99),(154,3,1686749919.354212,143,98),(155,3,1686749979.354212,133,97),(156,3,1686750039.354212,157,91),(157,3,1686750099.354212,147,89),(158,3,1686750159.354212,140,96),(159,3,1686750219.354212,145,95),(160,3,1686750279.354212,141,91),(161,3,1686750339.354212,141,94),(162,3,1686750399.354212,155,90),(163,3,1686750459.354212,146,93),(164,3,1686750519.354212,145,95),(165,3,1686750579.354212,135,94),(166,3,1686750639.354212,139,97),(167,3,1686750699.354212,156,76),(168,3,1686750759.354212,149,91),(169,3,1686750819.354212,140,95),(170,3,1686750879.354212,135,94),(171,3,1686750939.354212,141,95),(172,3,1686750999.354212,133,93),(173,3,1686751059.354212,167,95),(174,3,1686751119.354212,161,90),(175,3,1686751179.354212,130,94),(176,3,1686751239.354212,139,94),(177,3,1686751299.354212,142,95),(178,3,1686751359.354212,135,97),(179,3,1686751419.354212,138,92),(180,3,1686751479.354212,149,95),(181,3,1686751539.354212,142,95),(182,3,1686751599.354212,141,89),(183,3,1686751659.354212,140,95),(184,3,1686751719.354212,160,93),(185,3,1686751779.354212,139,94),(186,3,1686751839.354212,126,95),(187,3,1686751899.354212,141,93),(188,3,1686751959.354212,144,94),(189,3,1686752019.354212,139,91),(190,3,1686752079.354212,139,92),(191,3,1686752139.354212,152,91),(192,3,1686752199.354212,141,94),(193,3,1686752259.354212,141,93),(194,3,1686752319.354212,138,93),(195,3,1686752379.354212,138,94),(196,3,1686752439.354212,143,92),(197,3,1686752499.354212,146,94),(198,3,1686752559.354212,146,95),(199,3,1686752619.354212,141,95),(200,3,1686752679.354212,135,93),(201,3,1686752739.354212,135,93),(202,3,1686752799.354212,131,92),(203,3,1686752859.354212,149,90),(204,3,1686752919.354212,142,93),(205,3,1686752979.354212,132,97),(206,3,1686753039.354212,141,95),(207,3,1686753099.354212,144,77),(208,3,1686753159.354212,135,97),(209,3,1686753219.354212,139,95),(210,3,1686753279.354212,149,96),(211,3,1686753339.354212,168,92),(212,3,1686753399.354212,-1,88),(213,3,1686753459.354212,150,96),(214,3,1686753519.354212,143,98),(215,3,1686753579.354212,143,96),(216,3,1686831090.04267,147,91),(217,3,1686831150.04267,157,74),(218,3,1686831210.04267,150,79),(219,3,1686831270.04267,149,92),(220,3,1686831330.04267,155,90),(221,3,1686831390.04267,144,94),(222,3,1686831450.04267,143,93),(223,3,1686831510.04267,149,93),(224,3,1686831570.04267,152,94),(225,3,1686831630.04267,150,94),(226,3,1686831690.04267,159,91),(227,3,1686831750.04267,149,95),(228,3,1686831810.04267,149,94),(229,3,1686831870.04267,148,92),(230,3,1686831930.04267,148,88),(231,3,1686831990.04267,144,91),(232,3,1686832050.04267,143,94),(233,3,1686832110.04267,147,92),(234,3,1686832170.04267,123,73),(235,3,1686832230.04267,151,96),(236,3,1686832290.04267,147,91),(237,3,1686832350.04267,152,94),(238,3,1686832410.04267,149,92),(239,3,1686832470.04267,154,89),(240,3,1686832530.04267,170,86),(241,3,1686832590.04267,169,94),(242,3,1686832650.04267,153,95),(243,3,1686832710.04267,156,94),(244,3,1686832770.04267,146,92),(245,3,1686832830.04267,154,97),(246,3,1686832890.04267,-1,93),(247,3,1686832950.04267,153,93),(248,3,1686833010.04267,93,79),(249,3,1686833070.04267,152,96),(250,3,1686833130.04267,140,97),(251,3,1686833190.04267,170,92),(252,3,1686833250.04267,143,95),(253,3,1686833310.04267,153,98),(254,3,1686833370.04267,162,93),(255,3,1686833430.04267,162,-1),(256,3,1686833490.04267,150,90),(257,3,1686833550.04267,150,95),(258,3,1686833610.04267,152,95),(259,3,1686833670.04267,162,95),(260,3,1686833730.04267,169,94),(261,3,1686833790.04267,152,-1),(262,3,1686833850.04267,158,88),(263,3,1686833910.04267,148,95),(264,3,1686833970.04267,149,94),(265,3,1686834030.04267,153,96),(266,3,1686834090.04267,162,95),(267,3,1686834150.04267,164,93),(268,3,1686834210.04267,149,99),(269,3,1686834270.04267,145,97),(270,3,1686834330.04267,142,-1),(271,3,1686834390.04267,134,85),(272,3,1686834450.04267,142,96),(273,3,1686834510.04267,119,78),(274,3,1686834570.04267,164,92),(275,3,1686834630.04267,153,89),(276,3,1686834690.04267,146,96),(277,3,1686834750.04267,145,96),(278,3,1686834810.04267,163,83),(279,3,1686833132.496663,144,97),(280,3,1686833192.496663,137,90),(281,3,1686833252.496663,138,90),(282,3,1686833312.496663,142,95),(283,3,1686833372.496663,145,97),(284,3,1686833432.496663,173,93),(285,3,1686833492.496663,142,97),(286,3,1686833552.496663,137,98),(287,3,1686833612.496663,141,93),(288,3,1686833672.496663,150,94),(289,3,1686833732.496663,175,91),(290,3,1686833792.496663,173,90),(291,3,1686833852.496663,152,86),(292,3,1686833912.496663,151,85),(293,3,1686833972.496663,154,95),(294,3,1686834032.496663,148,96),(295,3,1686834092.496663,153,97),(296,3,1686834152.496663,147,85),(297,3,1686834212.496663,144,87),(298,3,1686834272.496663,151,96),(299,3,1686834332.496663,152,97),(300,3,1686834392.496663,155,92),(301,3,1686834452.496663,149,90),(302,3,1686834512.496663,162,90),(303,3,1686834572.496663,168,95),(304,3,1686834632.496663,163,95),(305,3,1686834692.496663,167,91),(306,3,1686834752.496663,174,93),(307,3,1686834812.496663,154,92),(308,3,1686834872.496663,145,95),(309,3,1686834932.496663,146,90),(310,3,1686834992.496663,143,97),(311,3,1686835052.496663,138,85),(312,3,1686835112.496663,143,90),(313,3,1686835172.496663,168,94),(314,3,1686835232.496663,156,95),(315,3,1686835292.496663,152,98),(316,3,1686835352.496663,142,97),(317,3,1686835412.496663,142,98),(318,3,1686835472.496663,132,80),(319,3,1686835532.496663,164,88),(320,3,1686835592.496663,173,97),(321,3,1686836243.16119,145,95),(322,3,1686836303.16119,147,93),(323,3,1686836363.16119,144,97),(324,3,1686836423.16119,143,95),(325,3,1686836483.16119,160,85),(326,3,1686836543.16119,152,92),(327,3,1686836603.16119,156,87),(328,3,1686836663.16119,142,84),(329,3,1686836723.16119,129,92),(330,3,1686836783.16119,137,93),(331,3,1686836843.16119,144,94),(332,3,1686836903.16119,166,95),(333,3,1686836963.16119,163,92),(334,3,1686837023.16119,159,79),(335,3,1686837083.16119,148,98),(336,3,1686837143.16119,145,97),(337,3,1686837203.16119,158,80),(338,3,1686837263.16119,153,80),(339,3,1686837323.16119,140,95),(340,3,1686837383.16119,145,82),(341,3,1686837443.16119,138,94),(342,3,1686837503.16119,149,94),(343,3,1686837563.16119,139,94),(344,3,1686837623.16119,145,99),(345,3,1686837683.16119,144,95),(346,3,1686837743.16119,162,95),(347,3,1686837803.16119,162,84),(348,3,1686837863.16119,163,83),(349,3,1686837923.16119,161,82),(350,3,1686837983.16119,167,85),(351,3,1686838043.16119,144,94),(352,3,1686838103.16119,145,95),(353,3,1686838163.16119,138,93),(354,3,1686838223.16119,141,92),(355,3,1686838283.16119,157,-1),(356,3,1686838343.16119,142,94),(357,3,1686838403.16119,142,96),(358,3,1686838463.16119,151,94),(359,3,1686838523.16119,138,94),(360,3,1686838583.16119,156,-1),(361,3,1686838643.16119,152,93),(362,3,1686838703.16119,152,88),(363,1,1685804204.343531,174,95),(364,1,1685804264.343531,130,97),(365,1,1685804324.343531,169,93),(366,1,1685804384.343531,173,95),(367,1,1685804444.343531,163,100),(368,1,1685804504.343531,161,98),(369,1,1685804564.343531,159,98),(370,1,1685804624.343531,154,99),(371,1,1685804684.343531,155,97),(372,1,1685804744.343531,151,99),(373,1,1685804804.343531,150,98),(374,1,1685804864.343531,148,100),(375,1,1685804924.343531,146,98),(376,1,1685804984.343531,162,94),(377,1,1685805044.343531,149,98),(378,1,1685805104.343531,146,100),(379,1,1685805164.343531,164,95),(380,1,1685805224.343531,166,94),(381,1,1685805284.343531,148,97),(382,1,1685805344.343531,154,93),(383,1,1685805404.343531,170,97),(384,1,1685805464.343531,170,95),(385,1,1685805524.343531,158,97),(386,1,1685805584.343531,120,80),(387,1,1685805644.343531,144,100),(388,1,1685805704.343531,163,91),(389,1,1685805764.343531,172,98),(390,1,1685805824.343531,152,99),(391,1,1685805884.343531,91,82),(392,1,1685805944.343531,151,98),(393,1,1685806004.343531,145,97),(394,1,1685806064.343531,138,99),(395,1,1685806124.343531,154,98),(396,1,1685806184.343531,166,98),(397,1,1685806244.343531,151,97),(398,1,1685806304.343531,147,99),(399,1,1685806364.343531,146,98),(400,1,1685806424.343531,145,98),(401,1,1685806484.343531,119,80),(402,1,1685806544.343531,171,98),(403,1,1685806604.343531,160,86),(404,1,1685806664.343531,164,97),(405,1,1686139112.808998,156,99),(406,1,1686139172.808998,158,100),(407,1,1686139232.808998,156,100),(408,1,1686139292.808998,164,95),(409,1,1686139352.808998,155,99),(410,1,1686139412.808998,158,100),(411,1,1686139472.808998,155,100),(412,1,1686139532.808998,159,100),(413,1,1686139592.808998,159,100),(414,1,1686139652.808998,156,100),(415,1,1686139712.808998,155,100),(416,1,1686139772.808998,154,100),(417,1,1686139832.808998,157,100),(418,1,1686139892.808998,156,100),(419,1,1686139952.808998,159,100),(420,1,1686140012.808998,158,100),(421,1,1686140072.808998,156,100),(422,1,1686140132.808998,153,100),(423,1,1686140192.808998,143,98),(424,1,1686140252.808998,157,94),(425,1,1686140312.808998,153,100),(426,1,1686140372.808998,152,100),(427,1,1686140432.808998,153,100),(428,1,1686140492.808998,153,100),(429,1,1686140552.808998,153,100),(430,1,1686140612.808998,153,100),(431,1,1686140672.808998,153,100),(432,1,1686140732.808998,153,100),(433,1,1686140792.808998,151,100),(434,1,1686140852.808998,152,100),(435,1,1686140912.808998,153,100),(436,1,1686140972.808998,152,100),(437,1,1686141032.808998,151,100),(438,1,1686141092.808998,153,100),(439,1,1686141152.808998,152,100),(440,1,1686141212.808998,152,100),(441,1,1686141272.808998,152,100),(442,1,1686141332.808998,153,99),(443,1,1686141392.808998,154,99),(444,1,1686141452.808998,153,99),(445,1,1686141512.808998,153,99),(446,1,1686141572.808998,155,100),(447,1,1686141632.808998,155,100),(448,1,1686141692.808998,154,100),(449,1,1686141752.808998,155,100),(450,1,1686141812.808998,154,100),(451,1,1686141872.808998,154,99),(452,1,1686141932.808998,152,99),(453,1,1686141992.808998,155,99),(454,1,1686142052.808998,154,99),(455,1,1686142112.808998,155,99),(456,1,1686142172.808998,170,96),(457,1,1686142232.808998,155,97),(458,1,1686142292.808998,149,99),(459,1,1686142352.808998,152,97),(460,1,1686142412.808998,155,99),(461,1,1686142472.808998,160,98),(462,1,1686142532.808998,156,99),(463,1,1686142592.808998,171,99),(464,1,1686142652.808998,156,100),(465,1,1686142712.808998,157,100),(466,1,1686142772.808998,155,98),(467,1,1686142832.808998,154,99),(468,1,1686141536.735722,161,98),(469,1,1686141596.735722,153,98),(470,1,1686141656.735722,164,96),(471,1,1686141716.735722,155,98),(472,1,1686141776.735722,181,98),(473,1,1686141836.735722,181,93),(474,1,1686141896.735722,161,96),(475,1,1686141956.735722,162,94),(476,1,1686142016.735722,163,96),(477,1,1686142076.735722,160,96),(478,1,1686142136.735722,156,97),(479,1,1686142196.735722,135,95),(480,1,1686142256.735722,159,97),(481,1,1686142316.735722,159,95),(482,1,1686142376.735722,156,96),(483,1,1686142436.735722,156,95),(484,1,1686142496.735722,153,95),(485,1,1686142556.735722,155,96),(486,1,1686142616.735722,158,95),(487,1,1686142676.735722,155,96),(488,1,1686142736.735722,152,96),(489,1,1686143753.681617,166,100),(490,1,1686143813.681617,165,98),(491,1,1686143873.681617,167,98),(492,1,1686143933.681617,173,100),(493,1,1686143993.681617,169,100),(494,1,1686144053.681617,167,96),(495,1,1686144113.681617,173,100),(496,1,1686144173.681617,167,99),(497,1,1686144233.681617,178,100),(498,1,1686144293.681617,182,99),(499,1,1686144353.681617,175,99),(500,1,1686144413.681617,166,100),(501,1,1686144473.681617,180,100),(502,1,1686144533.681617,177,100),(503,1,1686144593.681617,171,100),(504,1,1686144653.681617,175,100),(505,1,1686144713.681617,172,100),(506,1,1686144773.681617,169,99),(507,1,1686144833.681617,176,99),(508,1,1686144893.681617,185,99),(509,1,1686144953.681617,179,100),(510,1,1686145013.681617,171,99),(511,1,1686145073.681617,170,100),(512,1,1686145133.681617,178,100),(513,1,1686145193.681617,154,83),(514,1,1686145253.681617,165,100),(515,1,1686145313.681617,180,97),(516,1,1686145373.681617,171,96),(517,1,1686145433.681617,177,99),(518,1,1686145493.681617,178,99),(519,1,1686145553.681617,174,99),(520,1,1686145613.681617,185,100),(521,1,1686145673.681617,180,100),(522,1,1686145733.681617,192,99),(523,1,1686145793.681617,182,100),(524,1,1686145853.681617,179,99),(525,1,1686145913.681617,182,99),(526,1,1686145973.681617,192,100),(527,1,1686146033.681617,187,97),(528,1,1686146093.681617,175,100),(529,1,1686146153.681617,177,98),(530,1,1686146213.681617,177,96),(531,1,1686232819.266372,156,100),(532,1,1686232879.266372,156,100),(533,1,1686232939.266372,160,99),(534,1,1686232999.266372,126,77),(535,1,1686233059.266372,157,98),(536,1,1686233119.266372,155,94),(537,1,1686233179.266372,159,98),(538,1,1686233239.266372,157,99),(539,1,1686233299.266372,157,95),(540,1,1686233359.266372,155,97),(541,1,1686233419.266372,153,100),(542,1,1686233479.266372,152,99),(543,1,1686233539.266372,155,98),(544,1,1686233599.266372,158,97),(545,1,1686233659.266372,153,100),(546,1,1686233719.266372,151,99),(547,1,1686233779.266372,150,98),(548,1,1686233839.266372,148,100),(549,1,1686233899.266372,148,100),(550,1,1686233959.266372,151,100),(551,1,1686234019.266372,149,100),(552,1,1686234079.266372,146,99),(553,1,1686234139.266372,147,93),(554,1,1686234199.266372,154,97),(555,1,1686234259.266372,179,94),(556,1,1686234319.266372,155,100),(557,1,1686234379.266372,151,98),(558,1,1686234439.266372,147,98),(559,1,1686234499.266372,145,99),(560,1,1686234559.266372,148,99),(561,1,1686234619.266372,147,100),(562,1,1686234679.266372,149,100),(563,1,1686234739.266372,149,100),(564,1,1686234799.266372,147,98),(565,1,1686234859.266372,146,98),(566,1,1686234919.266372,125,96),(567,1,1686234979.266372,151,90),(568,1,1686235039.266372,142,97),(569,1,1686235099.266372,144,97),(570,1,1686235159.266372,145,97),(571,1,1686235219.266372,151,97),(572,1,1686235279.266372,149,98),(573,1,1686235339.266372,152,98),(574,1,1686235399.266372,148,98),(575,1,1686235459.266372,150,98),(576,1,1686235519.266372,147,98),(577,1,1686235579.266372,147,98),(578,1,1686235639.266372,148,100),(579,1,1686235699.266372,165,94),(580,1,1686235759.266372,158,98),(581,1,1686235819.266372,148,100),(582,1,1686235879.266372,148,99),(583,1,1686235939.266372,149,99),(584,1,1686235999.266372,148,99),(585,1,1686236059.266372,149,99),(586,1,1686236119.266372,148,99),(587,1,1686236179.266372,149,99),(588,1,1686236239.266372,148,99),(589,1,1686236299.266372,147,98),(590,1,1686236359.266372,147,99),(591,1,1686236419.266372,148,99),(592,1,1686236479.266372,149,98),(593,1,1686236539.266372,148,99),(594,1,1686234849.792567,146,95),(595,1,1686234909.792567,146,98),(596,1,1686234969.792567,145,97),(597,1,1686235029.792567,144,97),(598,1,1686235089.792567,146,96),(599,1,1686235149.792567,150,99),(600,1,1686235209.792567,155,98),(601,1,1686235269.792567,172,100),(602,1,1686235329.792567,154,99),(603,1,1686235389.792567,158,99),(604,1,1686235449.792567,155,100),(605,1,1686235509.792567,159,100),(606,1,1686235569.792567,170,95),(607,1,1686235629.792567,179,97),(608,1,1686235689.792567,178,97),(609,1,1686235749.792567,164,98),(610,1,1686235809.792567,160,100),(611,1,1686235869.792567,162,98),(612,1,1686235929.792567,176,98),(613,1,1686235989.792567,189,95),(614,1,1686236049.792567,184,97),(615,1,1686236109.792567,178,97),(616,1,1686236169.792567,175,100),(617,1,1686236229.792567,164,100),(618,1,1686236289.792567,165,100),(619,1,1686236349.792567,165,100),(620,1,1686236409.792567,162,99),(621,1,1686236469.792567,140,88),(622,1,1686236529.792567,147,85),(623,1,1686236589.792567,168,99),(624,1,1686236649.792567,155,100),(625,1,1686236709.792567,159,98),(626,1,1686236769.792567,175,96),(627,1,1686236829.792567,154,100),(628,1,1686236889.792567,161,100),(629,1,1686236949.792567,160,100),(630,1,1686237009.792567,158,100),(631,1,1686237069.792567,160,99),(632,1,1686237129.792567,155,100),(633,1,1686237189.792567,160,99),(634,1,1686237249.792567,156,100),(635,1,1686237309.792567,157,100),(636,1,1686236904.888162,159,96),(637,1,1686236964.888162,156,98),(638,1,1686237024.888162,167,96),(639,1,1686237084.888162,181,94),(640,1,1686237144.888162,163,95),(641,1,1686237204.888162,166,92),(642,1,1686237264.888162,158,100),(643,1,1686237324.888162,173,96),(644,1,1686237384.888162,160,100),(645,1,1686237444.888162,156,99),(646,1,1686237504.888162,158,100),(647,1,1686237564.888162,152,98),(648,1,1686237624.888162,157,100),(649,1,1686237684.888162,167,99),(650,1,1686237744.888162,159,99),(651,1,1686237804.888162,160,99),(652,1,1686237864.888162,157,97),(653,1,1686237924.888162,164,94),(654,1,1686237984.888162,173,98),(655,1,1686238044.888162,161,98),(656,1,1686238104.888162,156,100),(657,1,1686238164.888162,158,100),(658,1,1686238224.888162,167,100),(659,1,1686238284.888162,174,96),(660,1,1686238344.888162,181,94),(661,1,1686238404.888162,183,93),(662,1,1686238464.888162,169,100),(663,1,1686238524.888162,154,100),(664,1,1686238584.888162,154,100),(665,1,1686238644.888162,155,100),(666,1,1686238704.888162,156,100),(667,1,1686238764.888162,155,100),(668,1,1686238824.888162,177,98),(669,1,1686238884.888162,166,95),(670,1,1686238944.888162,162,100),(671,1,1686660226.614871,137,100),(672,1,1686660286.614871,136,100),(673,1,1686660346.614871,157,97),(674,1,1686660406.614871,142,98),(675,1,1686660466.614871,139,98),(676,1,1686660526.614871,132,99),(677,1,1686660586.614871,133,99),(678,1,1686660646.614871,135,99),(679,1,1686660706.614871,134,98),(680,1,1686660766.614871,136,96),(681,1,1686660826.614871,134,98),(682,1,1686660886.614871,135,98),(683,1,1686660946.614871,153,98),(684,1,1686661006.614871,160,87),(685,1,1686661066.614871,143,95),(686,1,1686661126.614871,136,99),(687,1,1686661186.614871,-1,99),(688,1,1686661246.614871,138,99),(689,1,1686661306.614871,136,100),(690,1,1686661366.614871,134,100),(691,1,1686661426.614871,137,99),(692,1,1686661486.614871,139,100),(693,1,1686661546.614871,135,100),(694,1,1686661606.614871,132,100),(695,1,1686661666.614871,127,99),(696,1,1686661726.614871,138,95),(697,1,1686661786.614871,134,100),(698,1,1686661846.614871,133,96),(699,1,1686661906.614871,137,98),(700,1,1686661966.614871,136,99),(701,1,1686662026.614871,135,100),(702,1,1686662086.614871,138,99),(703,1,1686662146.614871,136,99),(704,1,1686662206.614871,137,98),(705,1,1686662266.614871,134,98),(706,1,1686662326.614871,133,99),(707,1,1686662386.614871,150,98),(708,1,1686662446.614871,132,93),(709,1,1686662506.614871,140,99),(710,1,1686662566.614871,136,98),(711,1,1686662626.614871,135,98),(712,1,1686662686.614871,141,97),(713,1,1686662746.614871,148,97),(714,1,1686662806.614871,140,98),(715,1,1686662866.614871,163,97),(716,1,1686662926.614871,165,97),(717,1,1686662986.614871,157,96),(718,1,1686663046.614871,184,99),(719,1,1686663106.614871,179,98),(720,1,1686663166.614871,188,95),(721,1,1686663226.614871,188,97),(722,1,1686663286.614871,169,98),(723,1,1686663346.614871,152,97),(724,1,1686663406.614871,136,98),(725,1,1686663466.614871,135,99),(726,1,1686663526.614871,135,99),(727,1,1686663586.614871,140,98),(728,1,1686663646.614871,158,97),(729,1,1686663706.614871,164,92),(730,1,1686663766.614871,167,90),(731,1,1686663826.614871,168,92),(732,1,1686663886.614871,164,97),(733,1,1686663946.614871,158,99),(734,1,1686663211.732795,147,100),(735,1,1686663271.732795,153,95),(736,1,1686663331.732795,151,89),(737,1,1686663391.732795,151,98),(738,1,1686663451.732795,142,85),(739,1,1686663511.732795,121,76),(740,1,1686663571.732795,147,96),(741,1,1686663631.732795,165,96),(742,1,1686663691.732795,145,96),(743,1,1686663751.732795,153,100),(744,1,1686663811.732795,149,99),(745,1,1686663871.732795,153,100),(746,1,1686663931.732795,-1,97),(747,1,1686663991.732795,162,95),(748,1,1686664051.732795,160,95),(749,1,1686664111.732795,151,83),(750,1,1686664171.732795,149,96),(751,1,1686664231.732795,152,87),(752,1,1686664291.732795,147,93),(753,1,1686664351.732795,166,98),(754,1,1686664411.732795,174,92),(755,1,1686664471.732795,174,96),(756,1,1686664531.732795,172,91),(757,1,1686664591.732795,159,74),(758,1,1686664651.732795,155,99),(759,1,1686664711.732795,154,96),(760,1,1686664771.732795,159,97),(761,1,1686664831.732795,149,93),(762,1,1686664891.732795,152,95),(763,1,1686664951.732795,159,100),(764,1,1686665011.732795,160,96),(765,1,1686665071.732795,153,93),(766,1,1686665131.732795,151,95),(767,1,1686665191.732795,157,97),(768,1,1686665251.732795,152,97),(769,1,1686665311.732795,155,89),(770,1,1686665371.732795,147,84),(771,1,1686665431.732795,159,100),(772,1,1686665491.732795,153,84),(773,1,1686665551.732795,147,97),(774,1,1686665611.732795,153,95),(775,1,1686665671.732795,153,85),(776,1,1686665731.732795,160,89),(777,1,1686665791.732795,120,77),(778,1,1686665851.732795,149,98),(779,1,1686665911.732795,148,98),(780,1,1686665971.732795,150,92),(781,1,1686666031.732795,150,99),(782,1,1686666091.732795,166,96),(783,1,1686666151.732795,158,98),(784,1,1686666211.732795,152,97),(785,1,1686666271.732795,147,98),(786,1,1686666331.732795,147,97),(787,1,1686666391.732795,148,81),(788,1,1686666451.732795,145,94),(789,1,1686666511.732795,159,98),(790,1,1686666571.732795,153,98),(791,1,1686666631.732795,146,91),(792,1,1686666691.732795,147,98),(793,1,1686666751.732795,151,97),(794,1,1686666811.732795,149,98),(795,1,1686666871.732795,171,94),(796,1,1686666931.732795,155,97),(797,1,1686665281.680511,147,97),(798,1,1686665341.680511,149,92),(799,1,1686665401.680511,147,97),(800,1,1686665461.680511,144,99),(801,1,1686665521.680511,173,90),(802,1,1686665581.680511,165,96),(803,1,1686665641.680511,152,97),(804,1,1686665701.680511,148,98),(805,1,1686665761.680511,148,99),(806,1,1686665821.680511,142,97),(807,1,1686665881.680511,142,98),(808,1,1686665941.680511,144,98),(809,1,1686666001.680511,145,89),(810,1,1686666061.680511,141,98),(811,1,1686666121.680511,138,99),(812,1,1686666181.680511,142,99),(813,1,1686666241.680511,143,98),(814,1,1686666301.680511,145,98),(815,1,1686666361.680511,146,99),(816,1,1686666421.680511,152,98),(817,1,1686666481.680511,148,98),(818,1,1686666541.680511,145,99),(819,1,1686666601.680511,143,83),(820,1,1686666661.680511,142,97),(821,1,1686666721.680511,143,99),(822,1,1686666781.680511,142,99),(823,1,1686666841.680511,145,99),(824,1,1686666901.680511,140,98),(825,1,1686666961.680511,142,99),(826,1,1686667021.680511,141,98),(827,1,1686667081.680511,144,100),(828,1,1686667141.680511,141,99),(829,1,1686667201.680511,144,99),(830,1,1686667261.680511,146,98),(831,1,1686667321.680511,146,99),(832,1,1686667381.680511,143,99),(833,1,1686667441.680511,145,99),(834,1,1686667501.680511,145,99),(835,1,1686667561.680511,146,99),(836,1,1686667621.680511,148,98),(837,1,1686667681.680511,147,98),(838,1,1686667741.680511,147,98),(839,1,1686667801.680511,146,95),(840,1,1686667861.680511,69,73),(841,1,1686667921.680511,136,89),(842,1,1686667981.680511,139,91),(843,1,1686668041.680511,135,97),(844,1,1686667421.338621,148,96),(845,1,1686667481.338621,155,96),(846,1,1686667541.338621,169,94),(847,1,1686667601.338621,170,90),(848,1,1686667661.338621,162,82),(849,1,1686667721.338621,138,93),(850,1,1686667781.338621,156,95),(851,1,1686667841.338621,147,96),(852,1,1686667901.338621,151,92),(853,1,1686667961.338621,159,99),(854,1,1686668021.338621,152,92),(855,1,1686668081.338621,151,99),(856,1,1686668141.338621,176,99),(857,1,1686668201.338621,156,99),(858,1,1686668261.338621,156,98),(859,1,1686668321.338621,152,99),(860,1,1686668381.338621,167,98),(861,1,1686668441.338621,159,94),(862,1,1686668501.338621,152,94),(863,1,1686668561.338621,160,97),(864,1,1686668621.338621,146,97),(865,1,1686668681.338621,147,98),(866,1,1686668741.338621,153,98),(867,1,1686668801.338621,149,99),(868,1,1686668861.338621,151,98),(869,1,1686668921.338621,149,99),(870,1,1686668981.338621,169,97),(871,1,1686669041.338621,166,92),(872,1,1686669101.338621,159,90),(873,1,1686669161.338621,155,98),(874,1,1686669221.338621,156,92),(875,1,1686669281.338621,150,97),(876,1,1686669341.338621,165,99),(877,1,1686669401.338621,157,99),(878,1,1686669461.338621,157,96),(879,1,1686669521.338621,147,99),(880,1,1686669581.338621,152,97),(881,1,1686669641.338621,149,99),(882,1,1686669701.338621,174,99),(883,1,1686669761.338621,182,96),(884,1,1686669821.338621,155,97),(885,1,1686669881.338621,153,94),(886,1,1685806024.90957,147,99),(887,1,1685806084.90957,141,100),(888,1,1685806144.90957,140,100),(889,1,1685806204.90957,139,100),(890,1,1685806264.90957,143,100),(891,1,1685806324.90957,144,98),(892,1,1685806384.90957,151,98),(893,1,1685806444.90957,154,95),(894,1,1685806504.90957,140,98),(895,1,1685806564.90957,155,85),(896,1,1685806624.90957,157,89),(897,1,1685806684.90957,142,99),(898,1,1685806744.90957,143,96),(899,1,1685806804.90957,140,98),(900,1,1685806864.90957,146,97),(901,1,1685806924.90957,140,100),(902,1,1685806984.90957,139,100),(903,1,1685807044.90957,165,94),(904,1,1685807104.90957,165,95),(905,1,1685807164.90957,155,93),(906,1,1685807224.90957,147,100),(907,1,1686669549.979227,146,98),(908,1,1686669609.979227,158,97),(909,1,1686669669.979227,127,87),(910,1,1686669729.979227,156,96),(911,1,1686669789.979227,143,98),(912,1,1686669849.979227,146,97),(913,1,1686669909.979227,145,91),(914,1,1686669969.979227,150,93),(915,1,1686670029.979227,143,97),(916,1,1686670089.979227,153,97),(917,1,1686670149.979227,148,99),(918,1,1686670209.979227,151,99),(919,1,1686670269.979227,146,97),(920,1,1686670329.979227,151,99),(921,1,1686670389.979227,165,97),(922,1,1686670449.979227,147,95),(923,1,1686670509.979227,147,97),(924,1,1686670569.979227,150,98),(925,1,1686670629.979227,146,88),(926,1,1686670689.979227,113,78),(927,1,1685968325.898736,141,97),(928,1,1685968385.898736,146,98),(929,1,1685968445.898736,146,98),(930,1,1685968505.898736,144,97),(931,1,1685968565.898736,145,97),(932,1,1685968625.898736,147,97),(933,1,1685968685.898736,146,98),(934,1,1685968745.898736,149,97),(935,1,1685968805.898736,152,97),(936,1,1685968865.898736,170,97),(937,1,1685968925.898736,191,93),(938,1,1685968985.898736,198,96),(939,1,1685969045.898736,183,96),(940,1,1685969105.898736,200,96),(941,1,1685969165.898736,210,94),(942,1,1685969225.898736,211,94),(943,1,1685969285.898736,213,94),(944,1,1685969345.898736,211,95),(945,1,1685969405.898736,210,96),(946,1,1685969465.898736,214,98),(947,1,1685969525.898736,194,96),(948,1,1685969585.898736,189,99),(949,1,1685969645.898736,185,100),(950,1,1685969705.898736,192,97),(951,1,1685969765.898736,183,98),(952,1,1685969825.898736,184,97),(953,1,1685969885.898736,195,97),(954,1,1685969945.898736,182,98),(955,1,1685970005.898736,191,94),(956,1,1685970065.898736,185,93),(957,1,1685970125.898736,186,96),(958,1,1685970185.898736,171,96),(959,1,1685970245.898736,184,99),(960,1,1685970305.898736,171,98),(961,1,1685970365.898736,179,98),(962,1,1685970425.898736,174,99),(963,1,1685970485.898736,165,99),(964,1,1685970545.898736,164,100),(965,1,1685970605.898736,170,99),(966,1,1685970665.898736,178,97),(967,1,1685970725.898736,174,94),(968,1,1685970785.898736,175,99),(969,1,1685970845.898736,174,97),(970,1,1685970905.898736,168,96),(971,1,1685970965.898736,156,100),(972,1,1685971025.898736,174,97),(973,1,1685971085.898736,179,100),(974,1,1685971145.898736,172,98),(975,1,1685971205.898736,162,98),(976,1,1685971265.898736,171,100),(977,1,1685971325.898736,173,99),(978,1,1685971385.898736,185,95),(979,1,1685971445.898736,174,100),(980,1,1685971505.898736,187,98),(981,1,1685971565.898736,184,97),(982,1,1685971625.898736,177,98),(983,1,1685971685.898736,181,93),(984,1,1685971745.898736,179,98),(985,1,1685971805.898736,179,96),(986,1,1685971865.898736,153,93),(987,1,1685971925.898736,165,93),(988,1,1685971985.898736,171,94),(989,1,1685972045.898736,169,93),(990,1,1685971029.01204,158,97),(991,1,1685971089.01204,-1,98),(992,1,1685971149.01204,165,98),(993,1,1685971209.01204,128,92),(994,1,1685971269.01204,171,93),(995,1,1685971329.01204,158,89),(996,1,1685971389.01204,129,85),(997,1,1685971449.01204,162,96),(998,1,1685971509.01204,157,98),(999,1,1685971569.01204,132,90),(1000,1,1685971629.01204,157,98),(1001,1,1685971689.01204,169,93),(1002,1,1685971749.01204,151,96),(1003,1,1685971809.01204,162,100),(1004,1,1685971869.01204,156,97),(1005,1,1685971929.01204,170,94),(1006,1,1685971989.01204,111,81),(1007,1,1685972049.01204,173,89),(1008,1,1685972109.01204,163,89),(1009,1,1685972169.01204,155,91),(1010,1,1685972229.01204,136,77),(1011,1,1685972289.01204,147,93),(1012,1,1685972349.01204,146,93),(1013,1,1685972409.01204,158,79),(1014,1,1685972469.01204,159,98),(1015,1,1685972529.01204,153,97),(1016,1,1685972589.01204,154,95),(1017,1,1685972649.01204,156,96),(1018,1,1685972709.01204,161,95),(1019,1,1685972769.01204,150,95),(1020,1,1685972829.01204,153,97),(1021,1,1685972889.01204,147,96),(1022,1,1685972949.01204,159,97),(1023,1,1685973009.01204,153,96),(1024,1,1685973069.01204,140,95),(1025,1,1685973129.01204,154,94),(1026,1,1685973189.01204,156,94),(1027,1,1685973249.01204,151,98),(1028,1,1685973309.01204,152,97),(1029,1,1685973369.01204,152,92),(1030,1,1685973429.01204,145,91),(1031,1,1685973489.01204,156,94),(1032,1,1685973549.01204,154,95),(1033,1,1685973609.01204,158,96),(1034,1,1685973669.01204,157,97),(1035,1,1685973729.01204,157,94),(1036,1,1685973789.01204,159,94),(1037,1,1685973849.01204,153,91),(1038,1,1685973909.01204,157,95),(1039,1,1685973969.01204,148,75),(1040,1,1685974029.01204,143,89),(1041,1,1685974089.01204,159,93),(1042,1,1685974149.01204,157,93),(1043,1,1685974209.01204,158,95),(1044,1,1685974269.01204,148,90),(1045,1,1685974329.01204,155,96),(1046,1,1685974389.01204,165,89),(1047,1,1685974449.01204,177,88),(1048,1,1685974509.01204,165,95),(1049,1,1685974569.01204,157,96),(1050,1,1685974629.01204,153,96),(1051,1,1685974689.01204,156,95),(1052,1,1685974749.01204,150,93),(1053,1,1685973278.025297,-1,90),(1054,1,1685973338.025297,119,81),(1055,1,1685973398.025297,149,97),(1056,1,1685973458.025297,148,97),(1057,1,1685973518.025297,146,98),(1058,1,1685973578.025297,148,97),(1059,1,1685973638.025297,147,96),(1060,1,1685973698.025297,145,83),(1061,1,1685973758.025297,146,99),(1062,1,1685973818.025297,134,86),(1063,1,1685973878.025297,149,96),(1064,1,1685973938.025297,148,98),(1065,1,1685973998.025297,146,96),(1066,1,1685974058.025297,156,89),(1067,1,1685974118.025297,154,98),(1068,1,1685974178.025297,150,97),(1069,1,1685974238.025297,146,95),(1070,1,1685974298.025297,126,86),(1071,1,1685974358.025297,149,96),(1072,1,1685974418.025297,145,94),(1073,1,1685974478.025297,150,96),(1074,1,1685974538.025297,149,96),(1075,1,1685974598.025297,123,73),(1076,1,1685974658.025297,138,95),(1077,1,1685974718.025297,146,94),(1078,1,1685974778.025297,143,96),(1079,1,1685974838.025297,131,93),(1080,1,1685974898.025297,145,96),(1081,1,1685974958.025297,159,90),(1082,1,1685975018.025297,157,96),(1083,1,1685975078.025297,151,96),(1084,1,1685975138.025297,148,96),(1085,1,1685975198.025297,143,98),(1086,1,1685975258.025297,147,90),(1087,1,1685975318.025297,118,85),(1088,1,1685975378.025297,149,99),(1089,1,1685975438.025297,148,96),(1090,1,1685975498.025297,155,96),(1091,1,1685975558.025297,153,98),(1092,1,1685975618.025297,150,99),(1093,1,1685975678.025297,152,97),(1094,1,1685975738.025297,151,96),(1095,2,1685803537.523571,143,91),(1096,2,1685803597.523571,138,95),(1097,2,1685803657.523571,141,92),(1098,2,1685803717.523571,143,96),(1099,2,1685803777.523571,147,96),(1100,2,1685803837.523571,-1,95),(1101,2,1685803897.523571,149,90),(1102,2,1685803957.523571,141,92),(1103,2,1685804017.523571,130,95),(1104,2,1685804077.523571,142,97),(1105,2,1685804137.523571,143,96),(1106,2,1685804197.523571,141,97),(1107,2,1685804257.523571,142,94),(1108,2,1685804317.523571,143,-1),(1109,2,1685804377.523571,146,97),(1110,2,1685804437.523571,141,88),(1111,2,1685804497.523571,138,95),(1112,2,1685804557.523571,140,96),(1113,2,1685804617.523571,141,95),(1114,2,1685804677.523571,147,94),(1115,2,1685804737.523571,146,93),(1116,2,1685804797.523571,153,95),(1117,2,1685804857.523571,149,94),(1118,2,1685804917.523571,151,96),(1119,2,1685804977.523571,148,96),(1120,2,1685805037.523571,147,95),(1121,2,1685805097.523571,142,95),(1122,2,1685805157.523571,149,95),(1123,2,1685805217.523571,148,95),(1124,2,1685805277.523571,147,95),(1125,2,1685805337.523571,151,95),(1126,2,1685805397.523571,146,96),(1127,2,1685805457.523571,147,96),(1128,2,1685805517.523571,152,95),(1129,2,1685805577.523571,-1,96),(1130,2,1685805637.523571,142,96),(1131,2,1685805697.523571,151,95),(1132,2,1685805757.523571,146,97),(1133,2,1685805817.523571,145,96),(1134,2,1685805877.523571,137,95),(1135,2,1685805937.523571,152,93),(1136,2,1686146877.401601,153,97),(1137,2,1686146937.401601,151,96),(1138,2,1686146997.401601,146,96),(1139,2,1686147057.401601,150,95),(1140,2,1686147117.401601,156,97),(1141,2,1686147177.401601,152,-1),(1142,2,1686147237.401601,148,97),(1143,2,1686147297.401601,155,97),(1144,2,1686147357.401601,148,99),(1145,2,1686147417.401601,146,99),(1146,2,1686147477.401601,151,99),(1147,2,1686147537.401601,153,99),(1148,2,1686147597.401601,144,98),(1149,2,1686147657.401601,146,97),(1150,2,1686147717.401601,152,98),(1151,2,1686147777.401601,168,95),(1152,2,1686147837.401601,147,96),(1153,2,1686147897.401601,147,98),(1154,2,1686147957.401601,155,100),(1155,2,1686148017.401601,143,98),(1156,2,1686148077.401601,153,99),(1157,2,1686148137.401601,145,98),(1158,2,1686148197.401601,149,99),(1159,2,1686148257.401601,146,98),(1160,2,1686148317.401601,144,98),(1161,2,1686148377.401601,152,99),(1162,2,1686148437.401601,-1,98),(1163,2,1686148497.401601,146,98),(1164,2,1686148557.401601,151,98),(1165,2,1686148617.401601,165,97),(1166,2,1686148677.401601,147,99),(1167,2,1686148737.401601,141,98),(1168,2,1686148797.401601,153,99),(1169,2,1686148857.401601,149,97),(1170,2,1686148917.401601,161,93),(1171,2,1686148977.401601,141,98),(1172,2,1686149037.401601,150,99),(1173,2,1686149097.401601,148,95),(1174,2,1686149157.401601,145,99),(1175,2,1686149217.401601,151,100),(1176,2,1686149277.401601,148,96),(1177,2,1686149337.401601,152,96),(1178,2,1686149397.401601,154,94),(1179,2,1686149457.401601,147,99),(1180,2,1686149517.401601,155,92),(1181,2,1686149577.401601,153,97),(1182,2,1686149637.401601,149,97),(1183,2,1686149697.401601,147,98),(1184,2,1686149757.401601,151,98),(1185,2,1686149817.401601,153,99),(1186,2,1686149877.401601,149,95),(1187,2,1686149937.401601,149,94),(1188,2,1686149997.401601,153,92),(1189,2,1686150057.401601,148,99),(1190,2,1686150117.401601,146,99),(1191,2,1686150177.401601,161,96),(1192,2,1686150237.401601,154,96),(1193,2,1686150297.401601,144,94),(1194,2,1686150357.401601,148,97),(1195,2,1686150417.401601,146,97),(1196,2,1686150477.401601,153,95),(1197,2,1686150537.401601,155,97),(1198,2,1686150597.401601,149,98),(1199,2,1686149115.988647,148,95),(1200,2,1686149175.988647,144,96),(1201,2,1686149235.988647,148,98),(1202,2,1686149295.988647,147,99),(1203,2,1686149355.988647,130,99),(1204,2,1686149415.988647,135,97),(1205,2,1686149475.988647,143,100),(1206,2,1686149535.988647,144,98),(1207,2,1686149595.988647,139,97),(1208,2,1686149655.988647,143,96),(1209,2,1686149715.988647,142,98),(1210,2,1686149775.988647,140,99),(1211,2,1686149835.988647,138,99),(1212,2,1686149895.988647,134,99),(1213,2,1686149955.988647,147,98),(1214,2,1686150015.988647,139,98),(1215,2,1686150075.988647,143,99),(1216,2,1686150135.988647,142,97),(1217,2,1686150195.988647,127,91),(1218,2,1686150255.988647,147,96),(1219,2,1686150315.988647,129,98),(1220,2,1686150375.988647,137,96),(1221,2,1686150435.988647,141,99),(1222,2,1686150495.988647,142,98),(1223,2,1686150555.988647,144,98),(1224,2,1686150615.988647,144,95),(1225,2,1686150675.988647,146,97),(1226,2,1686150735.988647,157,92),(1227,2,1686150795.988647,149,98),(1228,2,1686150855.988647,146,98),(1229,2,1686150915.988647,160,96),(1230,2,1686150975.988647,134,98),(1231,2,1686151035.988647,151,98),(1232,2,1686151095.988647,145,91),(1233,2,1686151155.988647,140,95),(1234,2,1686151215.988647,152,96),(1235,2,1686151275.988647,159,91),(1236,2,1686151335.988647,138,95),(1237,2,1686151395.988647,141,95),(1238,2,1686151455.988647,149,100),(1239,2,1686151515.988647,161,93),(1240,2,1686151575.988647,139,97),(1241,2,1686228032.532975,152,97),(1242,2,1686228092.532975,155,99),(1243,2,1686228152.532975,149,97),(1244,2,1686228212.532975,153,95),(1245,2,1686228272.532975,146,95),(1246,2,1686228332.532975,167,98),(1247,2,1686228392.532975,156,97),(1248,2,1686228452.532975,158,98),(1249,2,1686228512.532975,156,96),(1250,2,1686228572.532975,157,95),(1251,2,1686228632.532975,154,96),(1252,2,1686228692.532975,169,94),(1253,2,1686228752.532975,155,93),(1254,2,1686228812.532975,151,99),(1255,2,1686228872.532975,162,97),(1256,2,1686228932.532975,154,99),(1257,2,1686228992.532975,149,97),(1258,2,1686229052.532975,159,99),(1259,2,1686229993.125304,171,98),(1260,2,1686230053.125304,170,94),(1261,2,1686230113.125304,166,98),(1262,2,1686230173.125304,161,99),(1263,2,1686230233.125304,166,98),(1264,2,1686230293.125304,156,97),(1265,2,1686230353.125304,159,97),(1266,2,1686230413.125304,162,98),(1267,2,1686230473.125304,168,98),(1268,2,1686230533.125304,170,91),(1269,2,1686230593.125304,173,89),(1270,2,1686230653.125304,171,93),(1271,2,1686230713.125304,173,97),(1272,2,1686230773.125304,163,98),(1273,2,1686230833.125304,167,96),(1274,2,1686230893.125304,167,96),(1275,2,1686230953.125304,167,98),(1276,2,1686231013.125304,161,99),(1277,2,1686231073.125304,173,98),(1278,2,1686231133.125304,179,96),(1279,2,1686231193.125304,182,89),(1280,2,1686231253.125304,186,89),(1281,2,1686231313.125304,176,90),(1282,2,1686231373.125304,162,96),(1283,2,1686231433.125304,157,96),(1284,2,1686231493.125304,163,98),(1285,2,1686231553.125304,184,97),(1286,2,1686231613.125304,179,94),(1287,2,1686231673.125304,162,97),(1288,2,1686231733.125304,161,97),(1289,2,1686231793.125304,170,97),(1290,2,1686231853.125304,176,99),(1291,2,1686231913.125304,176,96),(1292,2,1686231973.125304,159,99),(1293,2,1686232033.125304,146,97),(1294,2,1686232093.125304,159,99),(1295,2,1686232153.125304,148,98),(1296,2,1686232213.125304,175,99),(1297,2,1686232273.125304,183,90),(1298,2,1686232333.125304,180,92),(1299,2,1686232393.125304,161,93),(1300,2,1686232453.125304,155,97),(1301,2,1686232513.125304,155,99),(1302,2,1686232573.125304,162,100),(1303,2,1686232633.125304,175,98),(1304,2,1686232693.125304,177,92),(1305,2,1686232753.125304,174,96),(1306,2,1686232813.125304,157,99),(1307,2,1686232873.125304,153,99),(1308,2,1686232933.125304,145,98),(1309,2,1686232993.125304,153,100),(1310,2,1686233053.125304,151,98),(1311,2,1686233113.125304,164,99),(1312,2,1686233173.125304,168,94),(1313,2,1686233233.125304,155,99),(1314,2,1686233293.125304,153,97),(1315,2,1686233353.125304,166,94),(1316,2,1686233413.125304,165,96),(1317,2,1686233473.125304,151,98),(1318,2,1686233533.125304,161,100),(1319,2,1686233593.125304,170,97),(1320,2,1686233653.125304,173,95),(1321,2,1686233713.125304,157,95),(1322,2,1685887816.556433,142,96),(1323,2,1685887876.556433,142,95),(1324,2,1685887936.556433,138,96),(1325,2,1685887996.556433,139,96),(1326,2,1685888056.556433,137,95),(1327,2,1685888116.556433,139,97),(1328,2,1685888176.556433,148,96),(1329,2,1685888236.556433,152,94),(1330,2,1685888296.556433,144,96),(1331,2,1685888356.556433,137,96),(1332,2,1685888416.556433,141,95),(1333,2,1685888476.556433,146,95),(1334,2,1685888536.556433,163,95),(1335,2,1685888596.556433,144,94),(1336,2,1685888656.556433,138,95),(1337,2,1685888716.556433,152,95),(1338,2,1685888776.556433,145,97),(1339,2,1685888836.556433,146,95),(1340,2,1685888896.556433,143,95),(1341,2,1685888956.556433,146,94),(1342,2,1685889016.556433,154,93),(1343,2,1685889076.556433,153,90),(1344,2,1685889136.556433,145,94),(1345,2,1685889196.556433,140,95),(1346,2,1685889256.556433,140,95),(1347,2,1685889316.556433,146,95),(1348,2,1685889376.556433,144,95),(1349,2,1685889436.556433,144,95),(1350,2,1685889496.556433,144,95),(1351,2,1685889556.556433,146,96),(1352,2,1685889616.556433,149,96),(1353,2,1685889676.556433,153,93),(1354,2,1685889736.556433,144,95),(1355,2,1685889796.556433,152,94),(1356,2,1685889856.556433,161,97),(1357,2,1685889916.556433,163,96),(1358,2,1685889976.556433,143,95),(1359,2,1685890036.556433,141,95),(1360,2,1685890096.556433,161,95),(1361,2,1685890156.556433,159,95),(1362,2,1685890216.556433,176,92),(1363,2,1685890276.556433,159,94),(1364,2,1685890336.556433,161,95),(1365,2,1685890396.556433,154,94),(1366,2,1685890456.556433,149,96),(1367,2,1685890516.556433,155,95),(1368,2,1685890576.556433,153,96),(1369,2,1685890636.556433,143,94),(1370,2,1685890696.556433,165,96),(1371,2,1685890756.556433,171,97),(1372,2,1685890816.556433,139,98),(1373,2,1685890876.556433,153,98),(1374,2,1685890936.556433,-1,94),(1375,2,1685890996.556433,167,95),(1376,2,1685891056.556433,151,94),(1377,2,1685891116.556433,148,96),(1378,2,1685891176.556433,146,93),(1379,2,1685891236.556433,157,97),(1380,2,1685891296.556433,155,94),(1381,2,1685891356.556433,147,98),(1382,2,1685891416.556433,148,96),(1383,2,1685891476.556433,144,97),(1384,2,1685891536.556433,146,96),(1385,2,1685889862.143758,150,96),(1386,2,1685889922.143758,159,96),(1387,2,1685889982.143758,153,94),(1388,2,1685890042.143758,145,95),(1389,2,1685890102.143758,151,97),(1390,2,1685890162.143758,153,96),(1391,2,1685890222.143758,153,96),(1392,2,1685890282.143758,173,94),(1393,2,1685890342.143758,143,93),(1394,2,1685890402.143758,154,97),(1395,2,1685890462.143758,162,95),(1396,2,1685890522.143758,157,93),(1397,2,1685890582.143758,140,96),(1398,2,1685890642.143758,140,95),(1399,2,1685890702.143758,161,97),(1400,2,1685890762.143758,148,98),(1401,2,1685890822.143758,147,95),(1402,2,1685890882.143758,144,98),(1403,2,1685890942.143758,147,95),(1404,2,1685891002.143758,141,95),(1405,2,1685891062.143758,151,96),(1406,2,1685891122.143758,144,97),(1407,2,1685891182.143758,143,97),(1408,2,1685891242.143758,164,94),(1409,2,1685891302.143758,138,94),(1410,2,1685891362.143758,167,96),(1411,2,1685891422.143758,143,97),(1412,2,1685891482.143758,164,93),(1413,2,1685891542.143758,146,94),(1414,2,1685891602.143758,149,95),(1415,2,1685891662.143758,140,98),(1416,2,1685891722.143758,158,95),(1417,2,1685891782.143758,164,94),(1418,2,1685891842.143758,154,97),(1419,2,1685891902.143758,150,94),(1420,2,1685891962.143758,164,95),(1421,2,1685892022.143758,165,98),(1422,2,1685892082.143758,142,97),(1423,2,1685892142.143758,152,97),(1424,2,1685892202.143758,148,97),(1425,2,1685892262.143758,153,94),(1426,2,1685892322.143758,143,97),(1427,2,1685892382.143758,162,97),(1428,2,1685892442.143758,170,96),(1429,2,1685892502.143758,153,98),(1430,2,1685892562.143758,149,96),(1431,2,1685892622.143758,145,96),(1432,2,1685975265.8212,152,99),(1433,2,1685975325.8212,158,98),(1434,2,1685975385.8212,165,99),(1435,2,1685975445.8212,159,100),(1436,2,1685975505.8212,151,97),(1437,2,1685975565.8212,155,95),(1438,2,1685975625.8212,156,99),(1439,2,1685975685.8212,164,96),(1440,2,1685975745.8212,168,95),(1441,2,1685975805.8212,157,100),(1442,2,1685975865.8212,151,100),(1443,2,1685975925.8212,162,98),(1444,2,1685975985.8212,149,98),(1445,2,1685976045.8212,148,98),(1446,2,1685976105.8212,153,98),(1447,2,1685976165.8212,151,98),(1448,2,1685976225.8212,143,97),(1449,2,1685976285.8212,151,98),(1450,2,1685976345.8212,157,100),(1451,2,1685976405.8212,148,98),(1452,2,1685976465.8212,147,98),(1453,2,1685976525.8212,147,97),(1454,2,1685976585.8212,147,99),(1455,2,1685976645.8212,153,98),(1456,2,1685976705.8212,151,98),(1457,2,1685976765.8212,169,97),(1458,2,1685976825.8212,142,100),(1459,2,1685976885.8212,140,100),(1460,2,1685976945.8212,140,99),(1461,2,1685977005.8212,151,98),(1462,2,1685977065.8212,145,99),(1463,2,1685977125.8212,149,97),(1464,2,1685977185.8212,162,98),(1465,2,1685977245.8212,148,98),(1466,2,1685977305.8212,138,97),(1467,2,1685977365.8212,145,98),(1468,2,1685977425.8212,142,98),(1469,2,1685977485.8212,150,97),(1470,2,1685977545.8212,150,99),(1471,2,1685977605.8212,152,100),(1472,2,1685977665.8212,145,98),(1473,2,1685977725.8212,141,98),(1474,2,1685977785.8212,148,97),(1475,2,1685977845.8212,148,96),(1476,2,1685977905.8212,147,95),(1477,2,1685977965.8212,153,96),(1478,2,1685978025.8212,145,98),(1479,2,1685978085.8212,148,100),(1480,2,1685978145.8212,149,96),(1481,2,1685978205.8212,157,96),(1482,2,1685978265.8212,153,96),(1483,2,1685978325.8212,152,96),(1484,2,1685978385.8212,142,98),(1485,2,1685978445.8212,144,97),(1486,2,1685978505.8212,148,97),(1487,2,1685978565.8212,143,97),(1488,2,1685978625.8212,149,97),(1489,2,1685978685.8212,158,100),(1490,2,1685978745.8212,156,100),(1491,2,1685978805.8212,153,96),(1492,2,1685978865.8212,147,99),(1493,2,1685978925.8212,154,96),(1494,2,1685978985.8212,148,98),(1495,2,1685977565.759598,170,96),(1496,2,1685977625.759598,163,95),(1497,2,1685977685.759598,152,95),(1498,2,1685977745.759598,149,97),(1499,2,1685977805.759598,173,96),(1500,2,1685977865.759598,173,96),(1501,2,1685977925.759598,162,98),(1502,2,1685977985.759598,156,98),(1503,2,1685978045.759598,156,100),(1504,2,1685978105.759598,154,99),(1505,2,1685978165.759598,158,98),(1506,2,1685978225.759598,168,97),(1507,2,1685978285.759598,148,98),(1508,2,1685978345.759598,153,98),(1509,2,1686054372.140327,143,92),(1510,2,1686054432.140327,157,88),(1511,2,1686054492.140327,143,94),(1512,2,1686054552.140327,145,93),(1513,2,1686054612.140327,153,94),(1514,2,1686054672.140327,-1,93),(1515,2,1686054732.140327,147,92),(1516,2,1686054792.140327,149,93),(1517,2,1686054852.140327,147,92),(1518,2,1686054912.140327,151,92),(1519,2,1686054972.140327,142,90),(1520,2,1686055032.140327,146,93),(1521,2,1686055092.140327,144,92),(1522,2,1686055152.140327,151,92),(1523,2,1686055212.140327,145,92),(1524,2,1686055272.140327,151,-1),(1525,2,1686055332.140327,153,93),(1526,2,1686055392.140327,144,91),(1527,2,1686055452.140327,143,92),(1528,2,1686055512.140327,148,92),(1529,2,1686055572.140327,145,91),(1530,2,1686055632.140327,149,93),(1531,2,1686055692.140327,150,92),(1532,2,1686055752.140327,147,94),(1533,2,1686055812.140327,146,93),(1534,2,1686055872.140327,144,92),(1535,2,1686055932.140327,141,92),(1536,2,1686055992.140327,149,92),(1537,2,1686056052.140327,153,93),(1538,2,1686056112.140327,142,94),(1539,2,1686056172.140327,142,93),(1540,2,1686056232.140327,145,90),(1541,2,1686056292.140327,146,93),(1542,2,1686056352.140327,149,93),(1543,2,1686056412.140327,149,92),(1544,2,1686056472.140327,144,94),(1545,2,1686056532.140327,145,93),(1546,2,1686056592.140327,151,94),(1547,2,1686056652.140327,152,91),(1548,2,1686056712.140327,145,95),(1549,2,1686056772.140327,141,94),(1550,2,1686056832.140327,145,94),(1551,2,1686056892.140327,147,94),(1552,2,1686056952.140327,143,95),(1553,2,1686057012.140327,146,95),(1554,2,1686057072.140327,141,95),(1555,2,1686057132.140327,142,95),(1556,2,1686057192.140327,147,95),(1557,2,1686057252.140327,142,95),(1558,2,1686057312.140327,143,94),(1559,2,1686057372.140327,140,94),(1560,2,1686057432.140327,139,95),(1561,2,1686057492.140327,140,95),(1562,2,1686057552.140327,142,95),(1563,2,1686057612.140327,138,93),(1564,2,1686057672.140327,141,95),(1565,2,1686057732.140327,140,96),(1566,2,1686057792.140327,138,95),(1567,2,1686057852.140327,141,95),(1568,2,1686057912.140327,141,95),(1569,2,1686057972.140327,142,95),(1570,2,1686058032.140327,144,95),(1571,2,1686058092.140327,146,94),(1572,2,1686057812.151048,148,90),(1573,2,1686057872.151048,144,90),(1574,2,1686057932.151048,159,88),(1575,2,1686057992.151048,162,94),(1576,2,1686058052.151048,153,91),(1577,2,1686058112.151048,146,90),(1578,2,1686058172.151048,157,92),(1579,2,1686058232.151048,155,91),(1580,2,1686058292.151048,155,92),(1581,2,1686058352.151048,157,92),(1582,2,1686058412.151048,151,92),(1583,2,1686058472.151048,151,91),(1584,2,1686058532.151048,151,91),(1585,2,1686058592.151048,154,92),(1586,2,1686058652.151048,151,93),(1587,2,1686058712.151048,145,91),(1588,2,1686058772.151048,148,93),(1589,2,1686058832.151048,151,93),(1590,2,1686058892.151048,137,94),(1591,2,1686058838.716637,157,96),(1592,2,1686058898.716637,161,92),(1593,2,1686058958.716637,162,95),(1594,2,1686059018.716637,168,97),(1595,2,1686059078.716637,172,91),(1596,2,1686059138.716637,168,97),(1597,2,1686059198.716637,168,99),(1598,2,1686059258.716637,168,88),(1599,2,1686059318.716637,165,97),(1600,2,1686059378.716637,173,93),(1601,2,1686059438.716637,161,96),(1602,2,1686059498.716637,162,92),(1603,2,1686059558.716637,156,92),(1604,2,1686059618.716637,156,92),(1605,2,1686059678.716637,161,93),(1606,2,1686059738.716637,158,94),(1607,2,1686059798.716637,161,92),(1608,2,1686059858.716637,155,90),(1609,2,1686059918.716637,172,91),(1610,2,1686059978.716637,161,98),(1611,2,1686060038.716637,156,97),(1612,2,1686060098.716637,150,97),(1613,2,1686060158.716637,168,94),(1614,2,1686060218.716637,176,84),(1615,2,1686060278.716637,163,91),(1616,2,1686060338.716637,158,96),(1617,2,1686060398.716637,155,92),(1618,2,1686060458.716637,158,92),(1619,2,1686060518.716637,159,90),(1620,2,1686060578.716637,156,80),(1621,2,1686060638.716637,159,91),(1622,2,1686060698.716637,154,94),(1623,2,1686060758.716637,154,90),(1624,2,1686060818.716637,156,90),(1625,2,1686060878.716637,148,88),(1626,2,1686060938.716637,147,91),(1627,2,1686060998.716637,150,90),(1628,2,1686061058.716637,150,91),(1629,2,1686061118.716637,152,93),(1630,2,1686061178.716637,158,91),(1631,2,1686061238.716637,143,91),(1632,2,1686061298.716637,150,92),(1633,2,1686061358.716637,154,92),(1634,2,1686061418.716637,157,92),(1635,2,1686061478.716637,154,92),(1636,2,1686061538.716637,150,91),(1637,2,1686061598.716637,156,90),(1638,2,1686061658.716637,169,93),(1639,2,1686061718.716637,167,86),(1640,2,1686061778.716637,154,88),(1641,2,1686061838.716637,149,90),(1642,2,1686061898.716637,150,88),(1643,2,1686061958.716637,151,90),(1644,2,1686062018.716637,155,89),(1645,2,1686062078.716637,157,93),(1646,2,1686062138.716637,151,91),(1647,2,1686062198.716637,156,89),(1648,2,1686062258.716637,149,89),(1649,2,1686062318.716637,153,88),(1650,2,1686062378.716637,156,87),(1651,2,1686062438.716637,154,86),(1652,2,1686062498.716637,167,90),(1653,2,1686062558.716637,154,91),(1654,11,1687937898.428867,159,95),(1655,11,1687937958.428867,149,97),(1656,11,1687938018.428867,153,96),(1657,11,1687938078.428867,152,96),(1658,11,1687938138.428867,157,93),(1659,11,1687938198.428867,166,95),(1660,11,1687938258.428867,156,97),(1661,11,1687938318.428867,153,91),(1662,11,1687938378.428867,149,93),(1663,11,1687938438.428867,152,88),(1664,11,1687938498.428867,156,95),(1665,11,1687938558.428867,151,96),(1666,11,1687938618.428867,156,94),(1667,11,1687938678.428867,146,95),(1668,11,1687938738.428867,160,94),(1669,11,1687938798.428867,147,96),(1670,11,1687938858.428867,152,95),(1671,11,1687938918.428867,152,95),(1672,11,1687938978.428867,153,96),(1673,11,1687939038.428867,159,95),(1674,11,1687939098.428867,161,95),(1675,11,1687939158.428867,156,96),(1676,11,1687939218.428867,154,95),(1677,11,1687939278.428867,156,92),(1678,11,1687939338.428867,152,94),(1679,11,1687939398.428867,157,96),(1680,11,1687939458.428867,156,94),(1681,11,1687939518.428867,151,91),(1682,11,1687939578.428867,155,96),(1683,11,1687939638.428867,153,95),(1684,11,1687939698.428867,153,94),(1685,11,1687939758.428867,148,96),(1686,11,1687939818.428867,155,96),(1687,11,1687939878.428867,157,96),(1688,11,1687939938.428867,156,95),(1689,11,1687939998.428867,157,96),(1690,11,1687940058.428867,156,96),(1691,11,1687940118.428867,156,96),(1692,11,1687940178.428867,158,96),(1693,11,1687940238.428867,152,97),(1694,11,1687940298.428867,154,96),(1695,11,1687940358.428867,157,97),(1696,11,1687940418.428867,146,97),(1697,11,1687940478.428867,153,96),(1698,11,1687940538.428867,152,97),(1699,11,1687940598.428867,153,97),(1700,11,1687940658.428867,153,95),(1701,11,1687940718.428867,153,96),(1702,11,1687940778.428867,152,96),(1703,11,1687940838.428867,153,96),(1704,11,1687940898.428867,154,97),(1705,11,1687940958.428867,155,97),(1706,11,1687941018.428867,157,93),(1707,11,1687941078.428867,153,97),(1708,11,1687941138.428867,154,97),(1709,11,1687941198.428867,154,96),(1710,11,1687941258.428867,151,95),(1711,11,1687941318.428867,157,96),(1712,11,1687941378.428867,154,96),(1713,11,1688029813.294993,153,97),(1714,11,1688029873.294993,143,97),(1715,11,1688029933.294993,149,95),(1716,11,1688029993.294993,157,96),(1717,11,1688030053.294993,153,96),(1718,11,1688030113.294993,146,97),(1719,11,1688030173.294993,137,95),(1720,11,1688030233.294993,150,99),(1721,11,1688030293.294993,156,96),(1722,11,1688030353.294993,130,90),(1723,11,1688030413.294993,149,97),(1724,11,1688030473.294993,147,96),(1725,11,1688030533.294993,143,97),(1726,11,1688030593.294993,156,88),(1727,11,1688030653.294993,158,95),(1728,11,1688030713.294993,153,95),(1729,11,1688030773.294993,167,97),(1730,11,1688030833.294993,147,97),(1731,11,1688030893.294993,156,96),(1732,11,1688030953.294993,157,97),(1733,11,1688031013.294993,161,95),(1734,11,1688031073.294993,156,97),(1735,11,1688031133.294993,152,96),(1736,11,1688031193.294993,171,92),(1737,11,1688031253.294993,151,96),(1738,11,1688031313.294993,150,95),(1739,11,1688031373.294993,147,95),(1740,11,1688031433.294993,145,94),(1741,11,1688031493.294993,149,97),(1742,11,1688031553.294993,142,97),(1743,11,1688031613.294993,150,96),(1744,11,1688031673.294993,154,94),(1745,11,1688031733.294993,155,95),(1746,11,1688031793.294993,172,93),(1747,11,1688031853.294993,145,94),(1748,11,1688031913.294993,150,95),(1749,11,1688031973.294993,156,96),(1750,11,1688032033.294993,157,96),(1751,11,1688031934.676685,153,94),(1752,11,1688031994.676685,151,93),(1753,11,1688032054.676685,138,93),(1754,11,1688032114.676685,149,93),(1755,11,1688032174.676685,139,93),(1756,11,1688032234.676685,154,95),(1757,11,1688032294.676685,151,93),(1758,11,1688032354.676685,139,92),(1759,11,1688032414.676685,156,92),(1760,11,1688032474.676685,127,95),(1761,11,1688032534.676685,152,93),(1762,11,1688032594.676685,140,93),(1763,11,1688032654.676685,152,94),(1764,11,1688032714.676685,147,97),(1765,11,1688032774.676685,146,92),(1766,11,1688032834.676685,153,93),(1767,11,1688032894.676685,150,94),(1768,11,1688032954.676685,153,94),(1769,11,1688033014.676685,164,93),(1770,11,1688034497.706607,144,93),(1771,11,1688034557.706607,144,93),(1772,11,1688034617.706607,151,95),(1773,11,1688034677.706607,150,88),(1774,11,1688034737.706607,154,86),(1775,11,1688034797.706607,157,90),(1776,11,1688034857.706607,154,91),(1777,11,1688034917.706607,150,84),(1778,11,1688034977.706607,156,95),(1779,11,1688035037.706607,149,95),(1780,11,1688035097.706607,146,94),(1781,11,1688035157.706607,140,87),(1782,11,1688035217.706607,156,90),(1783,11,1688035277.706607,153,93),(1784,11,1688035337.706607,145,95),(1785,11,1688035397.706607,145,87),(1786,11,1688035457.706607,151,95),(1787,11,1688035517.706607,126,64),(1788,11,1688035577.706607,149,88),(1789,11,1688035637.706607,150,88),(1790,11,1688035697.706607,144,89),(1791,11,1688035757.706607,153,95),(1792,11,1688035817.706607,146,89),(1793,11,1688035877.706607,144,88),(1794,11,1688035937.706607,145,89),(1795,11,1688035997.706607,165,83),(1796,11,1688036057.706607,-1,-1),(1797,11,1688036117.706607,138,81),(1798,11,1688036177.706607,149,88),(1799,11,1688036237.706607,152,89),(1800,11,1688036297.706607,152,91),(1801,11,1688036357.706607,154,94),(1802,11,1688036417.706607,161,93),(1803,11,1688036477.706607,159,91),(1804,11,1688036537.706607,163,74),(1805,11,1688036597.706607,151,80),(1806,11,1688036657.706607,151,88),(1807,11,1688036717.706607,154,89),(1808,11,1688036777.706607,153,90),(1809,11,1688036837.706607,154,91),(1810,11,1688036897.706607,155,93),(1811,11,1688036957.706607,153,96),(1812,11,1688037017.706607,156,94),(1813,11,1688037077.706607,155,93),(1814,11,1688037137.706607,156,94),(1815,11,1688037197.706607,152,94),(1816,11,1688037257.706607,169,93),(1817,11,1688037317.706607,139,93),(1818,11,1688037377.706607,148,91),(1819,11,1688037437.706607,151,91),(1820,11,1688037497.706607,152,93),(1821,11,1688037557.706607,153,94),(1822,11,1688037617.706607,153,93),(1823,11,1688037677.706607,148,94),(1824,11,1688037737.706607,152,95),(1825,11,1688037797.706607,154,95),(1826,11,1687939921.805703,154,98),(1827,11,1687939981.805703,152,96),(1828,11,1687940041.805703,154,96),(1829,11,1687940101.805703,154,96),(1830,11,1687940161.805703,158,95),(1831,11,1687940221.805703,159,96),(1832,11,1687940281.805703,146,97),(1833,11,1687940341.805703,152,94),(1834,11,1687940401.805703,154,95),(1835,11,1687940461.805703,165,90),(1836,11,1687940521.805703,156,86),(1837,11,1687940581.805703,147,93),(1838,11,1687940641.805703,143,93),(1839,11,1687940701.805703,151,89),(1840,11,1687940761.805703,151,90),(1841,11,1687940821.805703,155,87),(1842,11,1687940881.805703,156,93),(1843,11,1687940941.805703,158,90),(1844,11,1687941001.805703,154,90),(1845,11,1687941061.805703,159,94),(1846,11,1687941121.805703,157,-1),(1847,11,1687941181.805703,147,78),(1848,11,1687941241.805703,152,94),(1849,11,1687941301.805703,145,93),(1850,11,1687941361.805703,150,92),(1851,11,1687941421.805703,149,93),(1852,11,1687941481.805703,144,92),(1853,11,1687941541.805703,147,86),(1854,11,1687941601.805703,149,92),(1855,11,1687941661.805703,143,95),(1856,11,1687941721.805703,151,94),(1857,11,1687941781.805703,152,90),(1858,11,1687941841.805703,143,94),(1859,11,1687941901.805703,153,96),(1860,11,1687941961.805703,144,92),(1861,11,1687942021.805703,154,90),(1862,11,1687942081.805703,153,88),(1863,11,1687942141.805703,155,95),(1864,11,1687942201.805703,154,94),(1865,11,1687942261.805703,151,83),(1866,11,1687942321.805703,147,94),(1867,11,1687942381.805703,147,96),(1868,11,1687942441.805703,150,96),(1869,11,1687942501.805703,159,90),(1870,11,1687942561.805703,145,94),(1871,11,1687942621.805703,151,95),(1872,11,1687942681.805703,151,95),(1873,11,1687942741.805703,145,94),(1874,11,1687942801.805703,156,94),(1875,11,1687942861.805703,156,96),(1876,11,1687942921.805703,152,86),(1877,11,1687942981.805703,147,83),(1878,11,1687943041.805703,144,96),(1879,11,1687943101.805703,143,93),(1880,11,1687943161.805703,147,85),(1881,11,1687943221.805703,131,93),(1882,11,1687943281.805703,138,94),(1883,11,1687943341.805703,147,85),(1884,11,1687943401.805703,151,95),(1885,11,1687943461.805703,151,96),(1886,11,1687941958.70008,156,97),(1887,11,1687942018.70008,141,96),(1888,11,1687942078.70008,148,97),(1889,11,1687942138.70008,156,98),(1890,11,1687942198.70008,147,-1),(1891,11,1687942258.70008,150,96),(1892,11,1687942318.70008,149,95),(1893,11,1687942378.70008,133,82),(1894,11,1687942438.70008,145,93),(1895,11,1687942498.70008,138,94),(1896,11,1687942558.70008,123,95),(1897,11,1687942618.70008,134,88),(1898,11,1687942678.70008,148,96),(1899,11,1687942738.70008,149,95),(1900,11,1687942798.70008,144,94),(1901,11,1687942858.70008,157,91),(1902,11,1687942918.70008,143,85),(1903,11,1687942978.70008,140,94),(1904,11,1687943038.70008,144,93),(1905,11,1687943098.70008,144,93),(1906,11,1687943158.70008,153,92),(1907,11,1687943218.70008,145,95),(1908,11,1687943278.70008,146,95),(1909,11,1687943338.70008,152,94),(1910,11,1687943398.70008,143,95),(1911,11,1687943458.70008,145,95),(1912,11,1687943518.70008,147,95),(1913,11,1687943578.70008,146,95),(1914,11,1687943638.70008,152,97),(1915,11,1687943698.70008,147,97),(1916,11,1687943758.70008,146,92),(1917,11,1687943818.70008,147,95),(1918,11,1687943878.70008,149,96),(1919,11,1687943938.70008,147,92),(1920,11,1687943998.70008,138,94),(1921,11,1687944058.70008,145,95),(1922,11,1687944118.70008,149,96),(1923,11,1687944178.70008,151,97),(1924,11,1687944238.70008,140,91),(1925,11,1687944298.70008,144,97),(1926,11,1687943992.24313,152,95),(1927,11,1687944052.24313,150,95),(1928,11,1687944112.24313,152,96),(1929,11,1687944172.24313,153,96),(1930,11,1687944232.24313,154,97),(1931,11,1687944292.24313,154,95),(1932,11,1687944352.24313,154,95),(1933,11,1687944412.24313,144,95),(1934,11,1687944472.24313,153,95),(1935,11,1687944532.24313,153,95),(1936,11,1687944592.24313,151,95),(1937,11,1687944652.24313,162,94),(1938,11,1687944712.24313,141,95),(1939,11,1687944772.24313,144,94),(1940,11,1687944832.24313,152,94),(1941,11,1687944892.24313,152,93),(1942,11,1687944952.24313,151,93),(1943,11,1687945012.24313,151,94),(1944,11,1687945072.24313,152,93),(1945,11,1687945132.24313,154,94),(1946,11,1687945192.24313,152,93),(1947,11,1687945252.24313,148,94),(1948,11,1687945312.24313,153,93),(1949,11,1687945372.24313,151,94),(1950,11,1687945432.24313,150,94),(1951,11,1687945492.24313,136,81),(1952,11,1687945552.24313,147,93),(1953,11,1687945612.24313,146,97),(1954,11,1687945672.24313,150,94),(1955,11,1687945732.24313,151,93),(1956,11,1687945792.24313,154,92),(1957,11,1687945852.24313,164,94),(1958,11,1687945912.24313,166,88),(1959,11,1687945972.24313,145,92),(1960,11,1687946032.24313,142,91),(1961,11,1687946092.24313,145,93),(1962,11,1687946152.24313,142,92),(1963,11,1687946212.24313,163,94),(1964,11,1687946272.24313,141,88),(1965,11,1687946332.24313,138,91),(1966,11,1687948354.55059,181,96),(1967,11,1687948414.55059,174,94),(1968,11,1687948474.55059,173,95),(1969,11,1687948534.55059,173,96),(1970,11,1687948594.55059,162,94),(1971,11,1687948654.55059,171,83),(1972,11,1687948714.55059,158,94),(1973,11,1687948774.55059,154,95),(1974,11,1687948834.55059,175,90),(1975,11,1687948894.55059,165,96),(1976,11,1687948954.55059,163,92),(1977,11,1687949014.55059,162,94),(1978,11,1687949074.55059,164,95),(1979,11,1687949134.55059,168,87),(1980,11,1687949194.55059,165,96),(1981,11,1687949254.55059,162,97),(1982,11,1687949314.55059,164,97),(1983,11,1687949374.55059,164,94),(1984,11,1687949434.55059,158,80),(1985,11,1687949494.55059,154,91),(1986,11,1687949554.55059,157,89),(1987,11,1687949614.55059,156,90),(1988,11,1687949674.55059,160,96),(1989,11,1687949734.55059,162,96),(1990,11,1687949794.55059,159,95),(1991,11,1687949854.55059,161,94),(1992,11,1687949914.55059,163,96),(1993,11,1687949974.55059,159,81),(1994,11,1687950034.55059,157,94),(1995,11,1687950094.55059,157,94),(1996,11,1687950154.55059,161,94),(1997,11,1687950214.55059,156,95),(1998,11,1687950274.55059,162,92),(1999,11,1687950334.55059,156,75),(2000,11,1687950394.55059,160,92),(2001,11,1687950454.55059,156,81),(2002,11,1687950514.55059,153,88),(2003,11,1687950574.55059,149,94),(2004,11,1687950634.55059,153,96),(2005,11,1687950694.55059,153,96),(2006,11,1687950754.55059,156,93),(2007,11,1687950814.55059,161,90),(2008,11,1687950874.55059,157,96),(2009,11,1687950934.55059,159,88),(2010,11,1687950994.55059,157,84),(2011,11,1687951054.55059,161,93),(2012,11,1687951114.55059,163,88),(2013,11,1687951174.55059,156,95),(2014,11,1687951234.55059,157,91),(2015,11,1687951294.55059,168,95),(2016,11,1687951354.55059,154,96),(2017,11,1687951414.55059,160,88),(2018,11,1687951474.55059,157,86),(2019,11,1687951534.55059,156,96),(2020,11,1687951594.55059,157,86),(2021,11,1687951654.55059,157,98),(2022,11,1687951714.55059,159,95),(2023,11,1687951774.55059,159,94),(2024,11,1687951834.55059,163,92),(2025,11,1688025397.846145,163,92),(2026,11,1688025457.846145,166,92),(2027,11,1688025517.846145,163,96),(2028,11,1688025577.846145,181,100),(2029,11,1688025637.846145,178,94),(2030,11,1688025697.846145,179,86),(2031,11,1688025757.846145,166,94),(2032,11,1688025817.846145,170,95),(2033,11,1688025877.846145,170,94),(2034,11,1688025937.846145,171,90),(2035,11,1688025997.846145,178,91),(2036,11,1688026057.846145,167,95),(2037,11,1688026117.846145,166,97),(2038,11,1688026177.846145,174,96),(2039,11,1688026237.846145,171,97),(2040,11,1688026297.846145,164,98),(2041,11,1688026357.846145,163,96),(2042,11,1688026417.846145,161,97),(2043,11,1688026477.846145,161,97),(2044,11,1688026537.846145,161,97),(2045,11,1688026597.846145,157,97),(2046,11,1688026657.846145,159,98),(2047,11,1688026717.846145,158,95),(2048,11,1688026777.846145,161,96),(2049,11,1688026837.846145,155,97),(2050,11,1688026897.846145,156,98),(2051,11,1688026957.846145,157,99),(2052,11,1688027017.846145,156,99),(2053,11,1688027077.846145,154,99),(2054,11,1688027137.846145,156,98),(2055,11,1688027197.846145,155,99),(2056,11,1688027257.846145,160,99),(2057,11,1688027317.846145,157,98),(2058,11,1688027377.846145,161,97),(2059,11,1688027437.846145,159,97),(2060,11,1688027497.846145,158,98),(2061,11,1688027557.846145,161,98),(2062,11,1688027617.846145,159,99),(2063,11,1688027677.846145,162,97),(2064,11,1688027737.846145,160,98),(2065,11,1688027797.846145,159,97),(2066,11,1688027857.846145,158,98),(2067,11,1688027917.846145,160,97),(2068,11,1688027977.846145,153,98),(2069,11,1688028037.846145,152,98),(2070,11,1688028097.846145,156,98),(2071,11,1688028157.846145,155,98),(2072,11,1688028217.846145,156,98),(2073,11,1688028277.846145,154,96),(2074,11,1688028337.846145,156,96),(2075,11,1688028397.846145,157,93),(2076,11,1688028457.846145,151,96),(2077,11,1688028517.846145,155,96),(2078,11,1688028577.846145,153,94),(2079,11,1688028637.846145,158,96),(2080,11,1688028697.846145,153,95),(2081,11,1688027602.746246,161,94),(2082,11,1688027662.746246,152,87),(2083,11,1688027722.746246,160,97),(2084,11,1688027782.746246,159,96),(2085,11,1688027842.746246,156,97),(2086,11,1688027902.746246,159,95),(2087,11,1688027962.746246,167,95),(2088,11,1688028022.746246,161,90),(2089,11,1688028082.746246,157,94),(2090,11,1688028142.746246,158,94),(2091,11,1688028202.746246,157,94),(2092,11,1688028262.746246,163,93),(2093,11,1688028322.746246,164,95),(2094,11,1688028382.746246,156,96),(2095,11,1688028442.746246,161,96),(2096,11,1688028502.746246,171,97),(2097,11,1688028562.746246,145,97),(2098,11,1688028622.746246,149,95),(2099,11,1688028682.746246,145,98),(2100,11,1688028742.746246,153,96),(2101,11,1688028802.746246,149,94),(2102,11,1688028862.746246,153,97),(2103,11,1688028922.746246,153,97),(2104,11,1688028982.746246,155,96),(2105,11,1688029042.746246,162,96),(2106,11,1688029102.746246,164,87),(2107,11,1688029162.746246,157,95),(2108,11,1688029222.746246,155,92),(2109,11,1688029282.746246,159,94),(2110,11,1688029342.746246,166,94),(2111,11,1688029402.746246,159,93),(2112,11,1688029462.746246,163,93),(2113,11,1688029522.746246,162,93),(2114,11,1688029582.746246,149,82),(2115,11,1688029642.746246,146,92),(2116,11,1688029702.746246,149,93),(2117,11,1688029762.746246,145,92),(2118,11,1688029822.746246,153,96),(2119,5,1687620868.453912,172,90),(2120,5,1687620928.453912,171,97),(2121,5,1687620988.453912,163,97),(2122,5,1687621048.453912,166,95),(2123,5,1687621108.453912,162,98),(2124,5,1687621168.453912,-1,-1),(2125,5,1687621228.453912,160,93),(2126,5,1687621288.453912,159,98),(2127,5,1687621348.453912,165,97),(2128,5,1687621408.453912,-1,-1),(2129,5,1687621468.453912,179,90),(2130,5,1687621528.453912,165,97),(2131,5,1687621588.453912,161,92),(2132,5,1687621648.453912,163,96),(2133,5,1687621708.453912,166,96),(2134,5,1687621768.453912,-1,96),(2135,5,1687621828.453912,164,95),(2136,5,1687621888.453912,179,90),(2137,5,1687621948.453912,182,89),(2138,5,1687622008.453912,168,98),(2139,5,1687622068.453912,173,93),(2140,5,1687622128.453912,168,93),(2141,5,1687622188.453912,175,-1),(2142,5,1687622248.453912,167,99),(2143,5,1687622308.453912,168,93),(2144,5,1687622368.453912,159,94),(2145,5,1687622428.453912,162,99),(2146,5,1687622488.453912,166,95),(2147,5,1687622548.453912,176,96),(2148,5,1687622608.453912,172,93),(2149,5,1687622668.453912,171,94),(2150,5,1687622728.453912,170,96),(2151,5,1687622788.453912,169,93),(2152,5,1687622848.453912,171,92),(2153,5,1687622908.453912,166,93),(2154,5,1687622968.453912,159,93),(2155,5,1687623028.453912,159,94),(2156,5,1687623088.453912,163,100),(2157,5,1687623148.453912,162,99),(2158,5,1687623208.453912,166,98),(2159,5,1687623268.453912,175,97),(2160,5,1687623328.453912,170,98),(2161,5,1687623388.453912,164,92),(2162,5,1687623448.453912,165,97),(2163,5,1687623508.453912,170,97),(2164,5,1687623568.453912,170,92),(2165,5,1687623628.453912,162,97),(2166,5,1687623688.453912,167,96),(2167,5,1687623748.453912,170,93),(2168,5,1687623808.453912,166,92),(2169,5,1687623868.453912,163,96),(2170,5,1687623928.453912,161,97),(2171,5,1687623988.453912,164,98),(2172,5,1687624048.453912,162,97),(2173,5,1687624108.453912,166,93),(2174,5,1687624168.453912,171,90),(2175,5,1687624228.453912,162,90),(2176,5,1687624288.453912,162,96),(2177,5,1687624348.453912,165,95),(2178,5,1687624408.453912,166,89),(2179,5,1687624468.453912,156,91),(2180,5,1687624528.453912,161,92),(2181,5,1687624588.453912,164,96),(2182,7,1687444045.881676,161,96),(2183,7,1687444105.881676,164,94),(2184,7,1687444165.881676,163,93),(2185,7,1687444225.881676,163,92),(2186,7,1687444285.881676,-1,-1),(2187,7,1687444345.881676,175,94),(2188,7,1687444405.881676,159,94),(2189,7,1687444465.881676,150,93),(2190,7,1687444525.881676,162,94),(2191,7,1687444585.881676,181,94),(2192,7,1687444645.881676,191,94),(2193,7,1687444705.881676,169,99),(2194,7,1687444765.881676,162,98),(2195,7,1687444825.881676,148,97),(2196,7,1687444885.881676,156,97),(2197,7,1687444945.881676,163,90),(2198,7,1687445005.881676,151,94),(2199,7,1687445065.881676,151,95),(2200,7,1687445125.881676,152,95),(2201,7,1687445185.881676,157,91),(2202,7,1687445245.881676,154,94),(2203,7,1687445305.881676,152,93),(2204,7,1687445365.881676,157,94),(2205,7,1687445425.881676,151,94),(2206,7,1687445485.881676,159,94),(2207,7,1687445545.881676,158,92),(2208,7,1687445605.881676,158,93),(2209,7,1687445665.881676,148,97),(2210,7,1687445725.881676,148,96),(2211,7,1687445785.881676,175,91),(2212,7,1687445845.881676,155,93),(2213,7,1687445905.881676,149,96),(2214,7,1687445965.881676,160,93),(2215,7,1687446025.881676,155,96),(2216,7,1687446085.881676,155,95),(2217,7,1687446145.881676,154,96),(2218,7,1687446205.881676,160,93),(2219,7,1687446265.881676,157,94),(2220,7,1687446325.881676,153,98),(2221,7,1687446385.881676,161,97),(2222,7,1687446445.881676,160,91),(2223,7,1687446505.881676,161,95),(2224,7,1687446565.881676,160,96),(2225,7,1687446625.881676,153,95),(2226,7,1687446685.881676,154,97),(2227,7,1687446745.881676,157,95),(2228,7,1687446805.881676,157,95),(2229,7,1687446865.881676,180,92),(2230,7,1687446925.881676,185,88),(2231,7,1687446985.881676,159,98),(2232,7,1687447045.881676,159,93),(2233,7,1687447105.881676,161,92),(2234,7,1687447165.881676,163,92),(2235,7,1687447225.881676,161,96),(2236,7,1687447285.881676,157,95),(2237,7,1687447345.881676,189,86),(2238,7,1687447405.881676,172,94),(2239,7,1687447465.881676,175,100),(2240,7,1687447525.881676,159,95),(2241,7,1687447585.881676,161,92),(2242,7,1687447645.881676,161,95),(2243,7,1687447705.881676,161,95),(2244,7,1687447765.881676,170,93),(2245,7,1687705861.675611,146,98),(2246,7,1687705921.675611,146,98),(2247,7,1687705981.675611,137,99),(2248,7,1687706041.675611,140,98),(2249,7,1687706101.675611,137,98),(2250,7,1687706161.675611,136,99),(2251,7,1687706221.675611,141,99),(2252,7,1687706281.675611,138,98),(2253,7,1687706341.675611,-1,99),(2254,7,1687706401.675611,137,99),(2255,7,1687706461.675611,139,99),(2256,7,1687706521.675611,140,98),(2257,7,1687706581.675611,142,98),(2258,7,1687706641.675611,-1,99),(2259,7,1687706701.675611,139,98),(2260,7,1687706761.675611,-1,97),(2261,7,1687706821.675611,-1,99),(2262,7,1687706881.675611,144,99),(2263,7,1687706941.675611,149,98),(2264,7,1687707001.675611,140,98),(2265,7,1687707061.675611,140,98),(2266,7,1687707121.675611,-1,98),(2267,7,1687707181.675611,143,98),(2268,7,1687707241.675611,142,98),(2269,7,1687707301.675611,144,98),(2270,7,1687707361.675611,162,98),(2271,7,1687707421.675611,-1,98),(2272,7,1687707481.675611,144,95),(2273,7,1687707541.675611,142,98),(2274,7,1687707601.675611,146,97),(2275,7,1687707661.675611,151,99),(2276,7,1687707721.675611,-1,98),(2277,7,1687707781.675611,150,98),(2278,7,1687707841.675611,148,97),(2279,7,1687707901.675611,145,98),(2280,7,1687707961.675611,149,97),(2281,7,1687708021.675611,148,97),(2282,7,1687708081.675611,146,95),(2283,7,1687708141.675611,147,96),(2284,7,1687708201.675611,140,94),(2285,7,1687708261.675611,151,95),(2286,7,1687708321.675611,151,94),(2287,7,1687708381.675611,141,97),(2288,7,1687708441.675611,152,98),(2289,7,1687708501.675611,176,99),(2290,7,1687708561.675611,156,98),(2291,7,1687708621.675611,157,93),(2292,7,1687708681.675611,153,100),(2293,7,1687708741.675611,-1,99),(2294,7,1687708801.675611,137,97),(2295,7,1687708861.675611,154,98),(2296,7,1687708921.675611,177,98),(2297,7,1687708981.675611,188,99),(2298,7,1687709041.675611,187,97),(2299,7,1687709101.675611,186,97),(2300,7,1687709161.675611,188,99),(2301,7,1687709221.675611,183,99),(2302,7,1687709281.675611,183,98),(2303,7,1687766693.77861,154,94),(2304,7,1687766753.77861,148,92),(2305,7,1687766813.77861,157,94),(2306,7,1687766873.77861,151,87),(2307,7,1687766933.77861,151,94),(2308,7,1687766993.77861,168,91),(2309,7,1687767053.77861,163,90),(2310,7,1687767113.77861,146,92),(2311,7,1687767173.77861,151,93),(2312,7,1687767233.77861,143,94),(2313,7,1687767293.77861,157,93),(2314,7,1687767353.77861,159,88),(2315,7,1687767413.77861,179,94),(2316,7,1687767473.77861,182,93),(2317,7,1687767533.77861,148,93),(2318,7,1687767593.77861,153,95),(2319,7,1687767653.77861,-1,98),(2320,7,1687767713.77861,146,95),(2321,7,1687767773.77861,147,97),(2322,7,1687767833.77861,161,91),(2323,7,1687767893.77861,158,97),(2324,7,1687767953.77861,154,93),(2325,7,1687768013.77861,152,95),(2326,7,1687768073.77861,146,98),(2327,7,1687768133.77861,176,96),(2328,7,1687768193.77861,142,95),(2329,7,1687768253.77861,142,95),(2330,7,1687768313.77861,149,95),(2331,7,1687768373.77861,150,97),(2332,7,1687768433.77861,144,95),(2333,7,1687768493.77861,147,94),(2334,7,1687768553.77861,147,94),(2335,7,1687768613.77861,173,92),(2336,7,1687768673.77861,164,88),(2337,7,1687768733.77861,151,95),(2338,7,1687768793.77861,149,96),(2339,7,1687768853.77861,150,96),(2340,7,1687768913.77861,154,95),(2341,7,1687768973.77861,148,93),(2342,7,1687769033.77861,148,94),(2343,7,1687769093.77861,147,96),(2344,7,1687769153.77861,145,95),(2345,7,1687769213.77861,152,94),(2346,7,1687769273.77861,154,94),(2347,7,1687769333.77861,153,95),(2348,7,1687769393.77861,152,94),(2349,7,1687769453.77861,146,94),(2350,7,1687769513.77861,157,93),(2351,7,1687769573.77861,173,86),(2352,7,1687769633.77861,168,93),(2353,7,1687769693.77861,143,98),(2354,7,1687769753.77861,138,95),(2355,7,1687769813.77861,147,95),(2356,7,1687769873.77861,146,95),(2357,7,1687769933.77861,146,95),(2358,7,1687769993.77861,148,96),(2359,7,1687770053.77861,159,96),(2360,7,1687770113.77861,143,97),(2361,7,1687770173.77861,149,97),(2362,7,1687770233.77861,141,97),(2363,7,1687770293.77861,140,97),(2364,7,1687770353.77861,141,98),(2365,7,1687769019.392969,168,95),(2366,7,1687769079.392969,150,96),(2367,7,1687769139.392969,154,96),(2368,7,1687769199.392969,175,96),(2369,7,1687769259.392969,161,96),(2370,7,1687769319.392969,156,96),(2371,7,1687769379.392969,157,96),(2372,7,1687769439.392969,161,96),(2373,7,1687769499.392969,163,88),(2374,7,1687769559.392969,157,95),(2375,7,1687769619.392969,161,96),(2376,7,1687769679.392969,157,94),(2377,7,1687769739.392969,147,96),(2378,7,1687769799.392969,176,96),(2379,7,1687769859.392969,176,95),(2380,7,1687769919.392969,162,96),(2381,7,1687769979.392969,186,95),(2382,7,1687770039.392969,188,94),(2383,7,1687770099.392969,176,96),(2384,7,1687770159.392969,153,98),(2385,7,1687770219.392969,158,98),(2386,7,1687770279.392969,169,99),(2387,7,1687770339.392969,154,95),(2388,7,1687770399.392969,156,97),(2389,7,1687770459.392969,149,96),(2390,7,1687770519.392969,156,92),(2391,7,1687770579.392969,155,94),(2392,7,1687770639.392969,149,95),(2393,7,1687770699.392969,169,96),(2394,7,1687770759.392969,149,95),(2395,7,1687770819.392969,151,96),(2396,7,1687770879.392969,149,95),(2397,7,1687770939.392969,175,95),(2398,7,1687770999.392969,172,95),(2399,7,1687771059.392969,148,98),(2400,7,1687771119.392969,139,98),(2401,7,1687771179.392969,182,93),(2402,7,1687771239.392969,184,97),(2403,7,1687771299.392969,176,95),(2404,7,1687771359.392969,141,97),(2405,7,1687771419.392969,148,97),(2406,7,1687771479.392969,147,97),(2407,7,1687855628.003677,157,98),(2408,7,1687855688.003677,157,98),(2409,7,1687855748.003677,160,99),(2410,7,1687855808.003677,157,99),(2411,7,1687855868.003677,160,100),(2412,7,1687855928.003677,158,99),(2413,7,1687855988.003677,176,97),(2414,7,1687856048.003677,157,97),(2415,7,1687856108.003677,154,97),(2416,7,1687856168.003677,157,98),(2417,7,1687856228.003677,159,97),(2418,7,1687856288.003677,157,95),(2419,7,1687856348.003677,153,97),(2420,7,1687856408.003677,156,97),(2421,7,1687856468.003677,155,97),(2422,7,1687856528.003677,155,96),(2423,7,1687856588.003677,159,97),(2424,7,1687856648.003677,162,91),(2425,7,1687856708.003677,195,96),(2426,7,1687856768.003677,164,98),(2427,7,1687446134.889089,174,-1),(2428,7,1687446194.889089,192,90),(2429,7,1687446254.889089,173,97),(2430,7,1687446314.889089,167,95),(2431,7,1687446374.889089,159,91),(2432,7,1687446434.889089,181,94),(2433,7,1687446494.889089,201,98),(2434,7,1687446554.889089,196,97),(2435,7,1687446614.889089,158,98),(2436,7,1687446674.889089,159,94),(2437,7,1687446734.889089,160,94),(2438,7,1687446794.889089,153,93),(2439,7,1687446854.889089,160,93),(2440,7,1687446914.889089,158,94),(2441,7,1687446974.889089,180,93),(2442,7,1687447034.889089,182,100),(2443,7,1687447094.889089,191,93),(2444,7,1687447154.889089,158,99),(2445,7,1687447214.889089,161,95),(2446,7,1687447274.889089,161,96),(2447,7,1687447334.889089,156,96),(2448,7,1687447394.889089,160,99),(2449,7,1687447454.889089,185,91),(2450,7,1687447514.889089,162,95),(2451,7,1687447574.889089,143,96),(2452,7,1687447634.889089,161,93),(2453,7,1687447694.889089,159,94),(2454,7,1687447754.889089,185,97),(2455,7,1687447814.889089,185,96),(2456,7,1687447874.889089,189,98),(2457,7,1687447934.889089,168,99),(2458,7,1687447994.889089,165,97),(2459,7,1687448054.889089,162,97),(2460,7,1687448114.889089,-1,94),(2461,7,1687448174.889089,-1,-1),(2462,7,1687448234.889089,159,100),(2463,7,1687448294.889089,-1,-1),(2464,7,1687448354.889089,157,-1),(2465,7,1687448414.889089,160,95),(2466,7,1687448474.889089,153,84),(2467,7,1687508113.139099,177,97),(2468,7,1687508173.139099,-1,94),(2469,7,1687508233.139099,176,93),(2470,7,1687508293.139099,174,92),(2471,7,1687508353.139099,178,93),(2472,7,1687508413.139099,171,90),(2473,7,1687508473.139099,174,94),(2474,7,1687508533.139099,175,93),(2475,7,1687508593.139099,169,94),(2476,7,1687508653.139099,171,95),(2477,7,1687508713.139099,173,94),(2478,7,1687508773.139099,169,93),(2479,7,1687508833.139099,176,95),(2480,7,1687508893.139099,172,96),(2481,7,1687508953.139099,180,92),(2482,7,1687509013.139099,178,93),(2483,7,1687509073.139099,174,92),(2484,7,1687509133.139099,176,92),(2485,7,1687509193.139099,171,91),(2486,7,1687509253.139099,181,93),(2487,7,1687509313.139099,179,93),(2488,7,1687509373.139099,175,92),(2489,7,1687509433.139099,195,86),(2490,7,1687509493.139099,208,94),(2491,7,1687509553.139099,195,96),(2492,7,1687509613.139099,184,97),(2493,7,1687509673.139099,183,96),(2494,7,1687509733.139099,174,94),(2495,7,1687509793.139099,183,95),(2496,7,1687509853.139099,183,93),(2497,7,1687509913.139099,174,93),(2498,7,1687509973.139099,169,91),(2499,7,1687510033.139099,175,92),(2500,7,1687510093.139099,172,92),(2501,7,1687510153.139099,170,93),(2502,7,1687510213.139099,169,92),(2503,7,1687510273.139099,176,93),(2504,7,1687510333.139099,170,94),(2505,7,1687510393.139099,172,93),(2506,7,1687510453.139099,169,94),(2507,7,1687510513.139099,189,94),(2508,7,1687510573.139099,176,98),(2509,7,1687510633.139099,176,98),(2510,7,1687510693.139099,173,98),(2511,7,1687510753.139099,176,97),(2512,7,1687510813.139099,178,96),(2513,7,1687510873.139099,172,95),(2514,7,1687510933.139099,178,94),(2515,7,1687510993.139099,170,94),(2516,7,1687511053.139099,170,93),(2517,7,1687511113.139099,173,93),(2518,7,1687511173.139099,192,94),(2519,7,1687511233.139099,183,97),(2520,7,1687511293.139099,173,97),(2521,7,1687511353.139099,169,98),(2522,7,1687511413.139099,171,97),(2523,7,1687511473.139099,172,94),(2524,7,1687511533.139099,176,94),(2525,7,1687511593.139099,173,97),(2526,7,1687511653.139099,167,94),(2527,7,1687511713.139099,176,95),(2528,7,1687511773.139099,173,94),(2529,7,1687511833.139099,196,97),(2530,7,1687510259.874528,172,97),(2531,7,1687510319.874528,170,94),(2532,7,1687510379.874528,173,94),(2533,7,1687510439.874528,175,93),(2534,7,1687510499.874528,200,96),(2535,7,1687510559.874528,177,96),(2536,7,1687510619.874528,173,96),(2537,7,1687510679.874528,173,96),(2538,7,1687510739.874528,174,95),(2539,7,1687510799.874528,173,97),(2540,7,1687510859.874528,183,96),(2541,7,1687510919.874528,176,97),(2542,7,1687510979.874528,171,96),(2543,7,1687511039.874528,195,94),(2544,7,1687511099.874528,173,96),(2545,7,1687511159.874528,168,97),(2546,7,1687511219.874528,169,97),(2547,7,1687511279.874528,197,92),(2548,7,1687511339.874528,176,98),(2549,7,1687511399.874528,179,97),(2550,7,1687511459.874528,173,97),(2551,7,1687529299.593815,154,99),(2552,7,1687529359.593815,156,98),(2553,7,1687529419.593815,156,99),(2554,7,1687529479.593815,161,93),(2555,7,1687529539.593815,154,97),(2556,7,1687529599.593815,171,97),(2557,7,1687529659.593815,162,97),(2558,7,1687529719.593815,170,97),(2559,7,1687529779.593815,162,97),(2560,7,1687529839.593815,168,95),(2561,7,1687529899.593815,159,97),(2562,7,1687529959.593815,162,94),(2563,7,1687530019.593815,162,95),(2564,7,1687530079.593815,162,95),(2565,7,1687530139.593815,161,94),(2566,7,1687530199.593815,165,94),(2567,7,1687530259.593815,166,94),(2568,7,1687530319.593815,168,93),(2569,7,1687530379.593815,160,95),(2570,7,1687530439.593815,165,93),(2571,7,1687530499.593815,162,94),(2572,7,1687530559.593815,162,95),(2573,7,1687530619.593815,168,96),(2574,7,1687530679.593815,164,94),(2575,7,1687530739.593815,162,95),(2576,7,1687530799.593815,198,92),(2577,7,1687530859.593815,186,99),(2578,7,1687530919.593815,173,95),(2579,7,1687530979.593815,-1,-1),(2580,7,1687531039.593815,167,93),(2581,7,1687531099.593815,-1,-1),(2582,7,1687531159.593815,171,92),(2583,7,1687531219.593815,168,93),(2584,7,1687531279.593815,183,97),(2585,7,1687531339.593815,170,97),(2586,7,1687531399.593815,168,95),(2587,7,1687531459.593815,172,96),(2588,7,1687531519.593815,162,97),(2589,7,1687531579.593815,161,98),(2590,7,1687531639.593815,170,97),(2591,7,1687531699.593815,-1,-1),(2592,7,1687531759.593815,181,94),(2593,7,1687531819.593815,192,97),(2594,7,1687531879.593815,166,98),(2595,7,1687531939.593815,164,96),(2596,7,1687531999.593815,163,96),(2597,7,1687532059.593815,169,96),(2598,7,1687532119.593815,165,98),(2599,7,1687532179.593815,173,96),(2600,7,1687532239.593815,165,89),(2601,7,1687532299.593815,168,94),(2602,7,1687532359.593815,156,92),(2603,7,1687532419.593815,171,93),(2604,7,1687532479.593815,180,91),(2605,7,1687532539.593815,162,95),(2606,7,1687532599.593815,164,95),(2607,7,1687532659.593815,162,94),(2608,7,1687532719.593815,165,96),(2609,7,1687532779.593815,166,93),(2610,7,1687532839.593815,167,93),(2611,7,1687532899.593815,164,94),(2612,7,1687532959.593815,161,94),(2613,7,1687531724.551301,164,96),(2614,7,1687531784.551301,163,94),(2615,7,1687531844.551301,162,93),(2616,7,1687531904.551301,158,94),(2617,7,1687531964.551301,156,92),(2618,7,1687532024.551301,153,97),(2619,7,1687532084.551301,157,95),(2620,7,1687532144.551301,156,95),(2621,7,1687532204.551301,194,92),(2622,7,1687532264.551301,168,97),(2623,7,1687532324.551301,163,96),(2624,7,1687532384.551301,158,96),(2625,7,1687532444.551301,159,96),(2626,7,1687532504.551301,171,97),(2627,7,1687532564.551301,161,96),(2628,7,1687532624.551301,162,96),(2629,7,1687532684.551301,159,96),(2630,7,1687532744.551301,156,96),(2631,7,1687532804.551301,155,97),(2632,7,1687532864.551301,156,96),(2633,7,1687532924.551301,155,96),(2634,7,1687532984.551301,154,95),(2635,7,1687533044.551301,159,95),(2636,7,1687533104.551301,155,96),(2637,7,1687533164.551301,155,95),(2638,7,1687533224.551301,154,95),(2639,7,1687533284.551301,152,95),(2640,7,1687533344.551301,153,96),(2641,7,1687533404.551301,150,97),(2642,7,1687533464.551301,152,96),(2643,7,1687533524.551301,151,96),(2644,7,1687533584.551301,149,96),(2645,7,1687533644.551301,152,96),(2646,7,1687533704.551301,151,96),(2647,7,1687533764.551301,151,96),(2648,7,1687533824.551301,153,96),(2649,7,1687533884.551301,153,95),(2650,7,1687533944.551301,153,95),(2651,7,1687534004.551301,109,85),(2652,7,1687534064.551301,167,94),(2653,7,1687534124.551301,152,96),(2654,7,1687534184.551301,153,96),(2655,7,1687533761.975904,183,96),(2656,7,1687533821.975904,194,98),(2657,7,1687533881.975904,202,97),(2658,7,1687533941.975904,199,97),(2659,7,1687534001.975904,189,94),(2660,7,1687534061.975904,180,97),(2661,7,1687534121.975904,186,94),(2662,7,1687534181.975904,191,94),(2663,7,1687534241.975904,176,95),(2664,7,1687534301.975904,164,96),(2665,7,1687534361.975904,178,96),(2666,7,1687534421.975904,196,98),(2667,7,1687534481.975904,202,96),(2668,7,1687534541.975904,196,96),(2669,7,1687534601.975904,202,97),(2670,7,1687534661.975904,197,96),(2671,7,1687534721.975904,202,98),(2672,7,1687534781.975904,196,98),(2673,7,1687534841.975904,189,97),(2674,7,1687534901.975904,186,98),(2675,7,1687534961.975904,197,99),(2676,7,1687535021.975904,196,99),(2677,7,1687535081.975904,190,96),(2678,7,1687535141.975904,161,97),(2679,7,1687535201.975904,173,100),(2680,7,1687535261.975904,183,96),(2681,7,1687535321.975904,162,95),(2682,7,1687535381.975904,188,97),(2683,7,1687535441.975904,181,95),(2684,7,1687535501.975904,186,97),(2685,7,1687535561.975904,192,95),(2686,7,1687535621.975904,187,94),(2687,7,1687535681.975904,181,95),(2688,7,1687535741.975904,197,99),(2689,7,1687535801.975904,197,96),(2690,7,1687535861.975904,194,98),(2691,7,1687535921.975904,194,98),(2692,7,1687535981.975904,196,98),(2693,7,1687536041.975904,189,99),(2694,7,1687617514.848793,153,99),(2695,7,1687617574.848793,158,98),(2696,7,1687617634.848793,166,97),(2697,7,1687617694.848793,-1,98),(2698,7,1687617754.848793,156,98),(2699,7,1687617814.848793,151,98),(2700,7,1687617874.848793,156,95),(2701,7,1687617934.848793,-1,98),(2702,7,1687617994.848793,172,96),(2703,7,1687618054.848793,152,99),(2704,7,1687618114.848793,156,96),(2705,7,1687618174.848793,153,97),(2706,7,1687618234.848793,153,98),(2707,7,1687618294.848793,147,97),(2708,7,1687618354.848793,148,90),(2709,7,1687618414.848793,148,96),(2710,7,1687618474.848793,179,99),(2711,7,1687618534.848793,147,98),(2712,7,1687618594.848793,154,91),(2713,7,1687618654.848793,152,99),(2714,7,1687618714.848793,170,95),(2715,7,1687618774.848793,176,95),(2716,7,1687618834.848793,-1,99),(2717,7,1687618894.848793,152,97),(2718,7,1687618954.848793,153,92),(2719,7,1687619014.848793,-1,85),(2720,7,1687619074.848793,156,90),(2721,7,1687619134.848793,152,94),(2722,7,1687619194.848793,154,95),(2723,7,1687619254.848793,156,87),(2724,7,1687619314.848793,152,85),(2725,7,1687619374.848793,152,97),(2726,7,1687619434.848793,152,96),(2727,7,1687619494.848793,157,96),(2728,7,1687619554.848793,180,90),(2729,7,1687619614.848793,150,98),(2730,7,1687619674.848793,152,96),(2731,7,1687619734.848793,152,96),(2732,7,1687619794.848793,148,97),(2733,7,1687619854.848793,136,96),(2734,7,1687619914.848793,160,96),(2735,7,1687619974.848793,154,96),(2736,7,1687620034.848793,147,95),(2737,7,1687620094.848793,155,95),(2738,7,1687620154.848793,150,96),(2739,7,1687620214.848793,149,95),(2740,7,1687620274.848793,157,96),(2741,7,1687620334.848793,154,95),(2742,7,1687620394.848793,151,96),(2743,7,1687620454.848793,149,96),(2744,7,1687620514.848793,156,96),(2745,7,1687620574.848793,179,97),(2746,7,1687620634.848793,169,94),(2747,7,1687620694.848793,147,98),(2748,7,1687620754.848793,153,97),(2749,7,1687620814.848793,155,97),(2750,7,1687620874.848793,146,97),(2751,7,1687620934.848793,155,98),(2752,7,1687620994.848793,148,96),(2753,7,1687621054.848793,163,96),(2754,7,1687621114.848793,150,95),(2755,7,1687621174.848793,155,97),(2756,7,1687621234.848793,152,98),(2757,6,1687334649.69334,137,100),(2758,6,1687334709.69334,131,100),(2759,6,1687334769.69334,134,100),(2760,6,1687334829.69334,133,99),(2761,6,1687334889.69334,161,99),(2762,6,1687334949.69334,142,100),(2763,6,1687335009.69334,131,98),(2764,6,1687335069.69334,127,100),(2765,6,1687335129.69334,130,100),(2766,6,1687335189.69334,135,100),(2767,6,1687335249.69334,132,99),(2768,6,1687335309.69334,161,100),(2769,6,1687335369.69334,127,99),(2770,6,1687335429.69334,136,99),(2771,6,1687335489.69334,141,99),(2772,6,1687335549.69334,131,98),(2773,6,1687335609.69334,150,98),(2774,6,1687335669.69334,140,99),(2775,6,1687335729.69334,135,99),(2776,6,1687335789.69334,143,98),(2777,6,1687335849.69334,158,99),(2778,6,1687335909.69334,147,99),(2779,6,1687335969.69334,150,99),(2780,6,1687336029.69334,125,98),(2781,6,1687336089.69334,147,99),(2782,6,1687336149.69334,187,99),(2783,6,1687336209.69334,136,99),(2784,6,1687336269.69334,142,100),(2785,6,1687336329.69334,153,98),(2786,6,1687336389.69334,136,99),(2787,6,1687336449.69334,156,100),(2788,6,1687336509.69334,141,99),(2789,6,1687336569.69334,-1,-1),(2790,6,1687336629.69334,138,100),(2791,6,1687336689.69334,138,98),(2792,6,1687336749.69334,139,100),(2793,6,1687336809.69334,131,100),(2794,6,1687336871.60961,141,100),(2795,6,1687336931.60961,167,99),(2796,6,1687336991.60961,127,99),(2797,6,1687337051.60961,136,99),(2798,6,1687337111.60961,133,99),(2799,6,1687337171.60961,134,99),(2800,6,1687337231.60961,162,97),(2801,6,1687337291.60961,139,100),(2802,6,1687337351.60961,133,99),(2803,6,1687337411.60961,148,97),(2804,6,1687337471.60961,133,100),(2805,6,1687337531.60961,132,100),(2806,6,1687337591.60961,127,99),(2807,6,1687337651.60961,132,100),(2808,6,1687337711.60961,138,100),(2809,6,1687337771.60961,138,99),(2810,6,1687337831.60961,133,100),(2811,6,1687337891.60961,132,99),(2812,6,1687337951.60961,134,99),(2813,6,1687338011.60961,136,99),(2814,6,1687338071.60961,132,99),(2815,6,1687338131.60961,129,100),(2816,6,1687338191.60961,133,100),(2817,6,1687338251.60961,134,99),(2818,6,1687338311.60961,133,99),(2819,6,1687338371.60961,156,98),(2820,6,1687338431.60961,130,99),(2821,6,1687338491.60961,131,98),(2822,6,1687338551.60961,130,98),(2823,6,1687338611.60961,131,-1),(2824,6,1687338671.60961,141,99),(2825,6,1687338731.60961,142,97),(2826,6,1687338791.60961,129,100),(2827,6,1687338851.60961,131,99),(2828,6,1687338911.60961,144,99),(2829,6,1687339230.023112,152,98),(2830,6,1687339290.023112,138,100),(2831,6,1687339350.023112,135,100),(2832,6,1687339410.023112,138,98),(2833,6,1687339470.023112,133,98),(2834,6,1687339530.023112,139,99),(2835,6,1687339590.023112,134,99),(2836,6,1687339650.023112,132,99),(2837,6,1687339710.023112,125,99),(2838,6,1687339770.023112,128,97),(2839,6,1687339830.023112,132,99),(2840,6,1687339890.023112,129,100),(2841,6,1687339950.023112,138,100),(2842,6,1687340010.023112,127,99),(2843,4,1686752761.965288,145,98),(2844,4,1686752821.965288,134,88),(2845,4,1686752881.965288,149,93),(2846,4,1686752941.965288,138,97),(2847,4,1686753001.965288,151,97),(2848,4,1686753061.965288,147,96),(2849,4,1686753121.965288,153,89),(2850,4,1686753181.965288,148,95),(2851,4,1686753241.965288,151,92),(2852,4,1686753301.965288,154,92),(2853,4,1686753361.965288,149,93),(2854,4,1686753421.965288,147,90),(2855,4,1686753481.965288,152,95),(2856,4,1686753541.965288,151,93),(2857,4,1686753601.965288,153,92),(2858,4,1686753661.965288,155,93),(2859,4,1686753721.965288,172,92),(2860,4,1686753781.965288,161,89),(2861,4,1686753841.965288,153,97),(2862,4,1686753901.965288,152,94),(2863,4,1686753961.965288,148,93),(2864,4,1686754021.965288,157,93),(2865,4,1686754081.965288,167,92),(2866,4,1686754141.965288,171,92),(2867,4,1686754201.965288,155,95),(2868,4,1686754261.965288,149,99),(2869,4,1686754321.965288,149,98),(2870,4,1686754381.965288,167,86),(2871,4,1686754441.965288,-1,-1),(2872,4,1686754501.965288,156,95),(2873,4,1686754561.965288,154,91),(2874,4,1686754621.965288,154,92),(2875,4,1686754681.965288,148,80),(2876,4,1686754741.965288,161,86),(2877,4,1686754801.965288,162,85),(2878,4,1686754861.965288,158,71),(2879,4,1686754921.965288,150,95),(2880,4,1686754981.965288,148,99),(2881,4,1686755041.965288,163,95),(2882,4,1686755101.965288,147,99),(2883,4,1686755161.965288,146,96),(2884,4,1686755221.965288,145,96),(2885,4,1686755281.965288,146,97),(2886,4,1686755341.965288,147,97),(2887,4,1686755401.965288,161,96),(2888,4,1686755461.965288,156,95),(2889,4,1686755521.965288,141,93),(2890,4,1686755581.965288,165,96),(2891,4,1686755641.965288,145,97),(2892,4,1686755701.965288,143,97),(2893,4,1686755761.965288,135,96),(2894,4,1686755821.965288,146,95),(2895,4,1686755881.965288,141,96),(2896,4,1686755941.965288,145,95),(2897,4,1686756001.965288,146,95),(2898,4,1686756061.965288,138,96),(2899,4,1686756121.965288,145,96),(2900,4,1686756181.965288,140,96),(2901,4,1686756241.965288,145,95),(2902,4,1686756301.965288,144,94),(2903,4,1686756361.965288,148,91),(2904,4,1686756421.965288,140,93),(2905,4,1686756481.965288,141,93),(2906,4,1686754869.042484,141,94),(2907,4,1686754929.042484,140,95),(2908,4,1686754989.042484,139,-1),(2909,4,1686755049.042484,145,96),(2910,4,1686755109.042484,147,98),(2911,4,1686755169.042484,151,90),(2912,4,1686755229.042484,146,98),(2913,4,1686755289.042484,138,93),(2914,4,1686755349.042484,134,92),(2915,4,1686755409.042484,138,93),(2916,4,1686755469.042484,138,86),(2917,4,1686755529.042484,142,96),(2918,4,1686755589.042484,138,90),(2919,4,1686755649.042484,143,97),(2920,4,1686755709.042484,136,98),(2921,4,1686755769.042484,144,96),(2922,4,1686755829.042484,146,96),(2923,4,1686755889.042484,139,97),(2924,4,1686755949.042484,132,95),(2925,4,1686756009.042484,138,95),(2926,4,1686756069.042484,138,93),(2927,4,1686756129.042484,144,90),(2928,4,1686756189.042484,152,92),(2929,4,1686756249.042484,154,83),(2930,4,1686756309.042484,133,93),(2931,4,1686756369.042484,140,92),(2932,4,1686756429.042484,159,95),(2933,4,1686756489.042484,154,88),(2934,4,1686756549.042484,164,90),(2935,4,1686756609.042484,147,97),(2936,4,1686756669.042484,145,99),(2937,4,1686756729.042484,143,98),(2938,4,1686756789.042484,111,92),(2939,4,1686756849.042484,138,93),(2940,4,1686756909.042484,142,93),(2941,4,1686756969.042484,130,87),(2942,4,1686757029.042484,157,96),(2943,4,1686757089.042484,146,93),(2944,4,1686757149.042484,129,78),(2945,4,1686757209.042484,143,94),(2946,4,1686757269.042484,141,98),(2947,4,1686757329.042484,156,97),(2948,4,1686757389.042484,131,95),(2949,4,1686757449.042484,147,98),(2950,4,1686757509.042484,150,98),(2951,4,1686757569.042484,154,91),(2952,4,1686757629.042484,147,100),(2953,4,1686757689.042484,144,98),(2954,4,1686757749.042484,157,98),(2955,4,1686757809.042484,156,94),(2956,4,1686757869.042484,148,94),(2957,4,1686757929.042484,129,81),(2958,4,1686757989.042484,144,93),(2959,4,1686758049.042484,147,100),(2960,4,1686758109.042484,146,99),(2961,4,1686758169.042484,141,98),(2962,4,1686758229.042484,137,97),(2963,4,1686758289.042484,142,100),(2964,4,1686758349.042484,131,100),(2965,4,1686758409.042484,138,95),(2966,4,1686758469.042484,137,99),(2967,4,1686758529.042484,140,100),(2968,4,1686758589.042484,145,98),(2969,4,1686839690.884177,145,98),(2970,4,1686839750.884177,139,98),(2971,4,1686839810.884177,145,96),(2972,4,1686839870.884177,141,97),(2973,4,1686839930.884177,140,97),(2974,4,1686839990.884177,140,98),(2975,4,1686840050.884177,139,100),(2976,4,1686840110.884177,138,99),(2977,4,1686840170.884177,141,98),(2978,4,1686840230.884177,141,98),(2979,4,1686840290.884177,142,96),(2980,4,1686840350.884177,142,98),(2981,4,1686840410.884177,141,97),(2982,4,1686840470.884177,141,98),(2983,4,1686840530.884177,141,98),(2984,4,1686840590.884177,140,99),(2985,4,1686840650.884177,139,98),(2986,4,1686840710.884177,139,98),(2987,4,1686840770.884177,139,98),(2988,4,1686840830.884177,141,97),(2989,4,1686840890.884177,139,98),(2990,4,1686840950.884177,138,98),(2991,4,1686841010.884177,137,98),(2992,4,1686841070.884177,140,98),(2993,4,1686841130.884177,138,98),(2994,4,1686841190.884177,140,97),(2995,4,1686841250.884177,141,98),(2996,4,1686841310.884177,139,97),(2997,4,1686841370.884177,138,98),(2998,4,1686841430.884177,140,98),(2999,4,1686841490.884177,121,98),(3000,4,1686841550.884177,136,96),(3001,4,1686841610.884177,139,97),(3002,4,1686841670.884177,138,97),(3003,4,1686841730.884177,139,96),(3004,4,1686841790.884177,143,96),(3005,4,1686841850.884177,141,96),(3006,4,1686841910.884177,139,96),(3007,4,1686841970.884177,140,96),(3008,4,1686842030.884177,139,96),(3009,4,1686842090.884177,139,97),(3010,4,1686842150.884177,138,97),(3011,4,1686842210.884177,139,96),(3012,4,1686842270.884177,140,85),(3013,4,1686842330.884177,139,90),(3014,4,1686842390.884177,138,92),(3015,4,1686842450.884177,146,90),(3016,4,1686842510.884177,147,91),(3017,4,1686842570.884177,127,89),(3018,4,1686841629.773624,156,95),(3019,4,1686841689.773624,150,92),(3020,4,1686841749.773624,142,95),(3021,4,1686841809.773624,143,94),(3022,4,1686841869.773624,156,93),(3023,4,1686841929.773624,149,94),(3024,4,1686841989.773624,150,95),(3025,4,1686842049.773624,148,96),(3026,4,1686842109.773624,145,94),(3027,4,1686842169.773624,144,95),(3028,4,1686842229.773624,160,97),(3029,4,1686842289.773624,143,90),(3030,4,1686842349.773624,140,93),(3031,4,1686842409.773624,140,91),(3032,4,1686842469.773624,142,94),(3033,4,1686842529.773624,148,89),(3034,4,1686842589.773624,147,92),(3035,4,1686842649.773624,142,93),(3036,4,1686842709.773624,145,94),(3037,4,1686842769.773624,135,95),(3038,4,1686842829.773624,144,92),(3039,4,1686842889.773624,138,92),(3040,4,1686842949.773624,141,91),(3041,4,1686843009.773624,138,92),(3042,4,1686843069.773624,144,86),(3043,4,1686843129.773624,147,89),(3044,4,1686843189.773624,143,89),(3045,4,1686843249.773624,145,89),(3046,4,1686843309.773624,156,91),(3047,4,1686843369.773624,139,87),(3048,4,1686843429.773624,154,92),(3049,4,1686843489.773624,142,94),(3050,4,1686843549.773624,140,93),(3051,4,1686843609.773624,147,92),(3052,4,1686843669.773624,141,93),(3053,4,1686843729.773624,135,94),(3054,4,1686843789.773624,138,93);
/*!40000 ALTER TABLE `physiologicalinformation` ENABLE KEYS */;
UNLOCK TABLES;

--
-- Table structure for table `pose`
--

DROP TABLE IF EXISTS `pose`;
/*!40101 SET @saved_cs_client     = @@character_set_client */;
/*!50503 SET character_set_client = utf8mb4 */;
CREATE TABLE `pose` (
  `idpose` int NOT NULL AUTO_INCREMENT,
  `idneonate` int DEFAULT NULL,
  `starttime` double DEFAULT NULL,
  `endtime` double DEFAULT NULL,
  `path_file` longtext,
  `path_file_gif` longtext,
  PRIMARY KEY (`idpose`)
) ENGINE=InnoDB AUTO_INCREMENT=226 DEFAULT CHARSET=utf8mb4 COLLATE=utf8mb4_0900_ai_ci;
/*!40101 SET character_set_client = @saved_cs_client */;

--
-- Dumping data for table `pose`
--

LOCK TABLES `pose` WRITE;
/*!40000 ALTER TABLE `pose` DISABLE KEYS */;
INSERT INTO `pose` VALUES (1,10,1656061176.808904,1656062635.069738,'/home/neovault/dev/neovault_root/upload/10/pose/pose_1_0.csv','/home/neovault/dev/neovault_root/upload/10/pose/pose_1_0.gif'),(2,10,1656061180.4946826,1656061944.0409966,'/home/neovault/dev/neovault_root/upload/10/pose/pose_3_2.csv',''),(3,10,1656061180.788025,1656061996.4774575,'/home/neovault/dev/neovault_root/upload/10/pose/pose_5_3.csv',''),(4,10,1656061176.808904,1656062017.2377708,'/home/neovault/dev/neovault_root/upload/10/pose/pose_2_4.csv',''),(5,10,1656061176.808904,1656061981.0160103,'/home/neovault/dev/neovault_root/upload/10/pose/pose_4_5.csv',''),(6,3,1686746072.5607564,1686746680.9969702,'/home/neovault/dev/neovault_root/upload/3/pose/pose_estimation_bruno_1_0_0.csv','/home/neovault/dev/neovault_root/upload/3/pose/pose_estimation_bruno_1_0_0.gif'),(7,3,1686747287.9695797,1686747894.1630225,'/home/neovault/dev/neovault_root/upload/3/pose/pose_estimation_bruno_1_2_2.csv',''),(8,3,1686746681.581946,1686747287.1331277,'/home/neovault/dev/neovault_root/upload/3/pose/pose_estimation_bruno_1_1_3.csv',''),(9,3,1686748179.6634378,1686748265.7411246,'/home/neovault/dev/neovault_root/upload/3/pose/pose_estimation_bruno_2_0_4.csv','/home/neovault/dev/neovault_root/upload/3/pose/pose_estimation_bruno_2_0_4.gif'),(10,3,1686749859.4196794,1686750467.596233,'/home/neovault/dev/neovault_root/upload/3/pose/pose_estimation_bruno_3_0_6.csv','/home/neovault/dev/neovault_root/upload/3/pose/pose_estimation_bruno_3_0_6.gif'),(11,3,1686750468.9728513,1686751075.2844925,'/home/neovault/dev/neovault_root/upload/3/pose/pose_estimation_bruno_3_1_8.csv',''),(12,3,1686751075.6525724,1686751681.861412,'/home/neovault/dev/neovault_root/upload/3/pose/pose_estimation_bruno_3_2_9.csv',''),(13,3,1686832336.508202,1686832913.3409314,'/home/neovault/dev/neovault_root/upload/3/pose/pose_estimation_bruno_4_2_10.csv','/home/neovault/dev/neovault_root/upload/3/pose/pose_estimation_bruno_4_2_10.gif'),(14,3,1686831718.371254,1686832303.5201936,'/home/neovault/dev/neovault_root/upload/3/pose/pose_estimation_bruno_4_1_12.csv',''),(15,3,1686831108.2947884,1686831666.2806697,'/home/neovault/dev/neovault_root/upload/3/pose/pose_estimation_bruno_4_0_13.csv',''),(16,3,1686833742.9088051,1686834347.1793938,'/home/neovault/dev/neovault_root/upload/3/pose/pose_estimation_bruno_5_1_14.csv','/home/neovault/dev/neovault_root/upload/3/pose/pose_estimation_bruno_5_1_14.gif'),(17,3,1686833133.1858308,1686833740.214764,'/home/neovault/dev/neovault_root/upload/3/pose/pose_estimation_bruno_5_0_16.csv',''),(18,3,1686834347.5599284,1686834954.1859848,'/home/neovault/dev/neovault_root/upload/3/pose/pose_estimation_bruno_5_2_17.csv',''),(19,3,1686835238.3125834,1686835393.2298646,'/home/neovault/dev/neovault_root/upload/3/pose/pose_estimation_bruno_6_0_18.csv','/home/neovault/dev/neovault_root/upload/3/pose/pose_estimation_bruno_6_0_18.gif'),(20,3,1686835843.2347052,1686836204.873943,'/home/neovault/dev/neovault_root/upload/3/pose/pose_estimation_bruno_6_1_20.csv',''),(21,3,1686837458.483453,1686838065.4947789,'/home/neovault/dev/neovault_root/upload/3/pose/pose_estimation_bruno_7_2_21.csv','/home/neovault/dev/neovault_root/upload/3/pose/pose_estimation_bruno_7_2_21.gif'),(22,3,1686836851.5523586,1686837458.108779,'/home/neovault/dev/neovault_root/upload/3/pose/pose_estimation_bruno_7_1_23.csv',''),(23,3,1686836243.701905,1686836851.285741,'/home/neovault/dev/neovault_root/upload/3/pose/pose_estimation_bruno_7_0_24.csv',''),(24,1,1685805420.6772888,1685805684.104248,'/home/neovault/dev/neovault_root/upload/1/pose/pose_estimation_hugo_1_2_0.csv','/home/neovault/dev/neovault_root/upload/1/pose/pose_estimation_hugo_1_2_0.gif'),(25,1,1685804204.3589523,1685804813.087664,'/home/neovault/dev/neovault_root/upload/1/pose/pose_estimation_hugo_1_0_2.csv',''),(26,1,1685804813.377887,1685805420.3027918,'/home/neovault/dev/neovault_root/upload/1/pose/pose_estimation_hugo_1_1_3.csv',''),(27,1,1686139112.8751955,1686139721.933544,'/home/neovault/dev/neovault_root/upload/1/pose/pose_estimation_hugo_10_0_4.csv','/home/neovault/dev/neovault_root/upload/1/pose/pose_estimation_hugo_10_0_4.gif'),(28,1,1686140329.608852,1686140937.388259,'/home/neovault/dev/neovault_root/upload/1/pose/pose_estimation_hugo_10_2_6.csv',''),(29,1,1686139722.1319356,1686140329.2750573,'/home/neovault/dev/neovault_root/upload/1/pose/pose_estimation_hugo_10_1_7.csv',''),(30,1,1686141536.8154228,1686142145.7679532,'/home/neovault/dev/neovault_root/upload/1/pose/pose_estimation_hugo_11_0_8.csv','/home/neovault/dev/neovault_root/upload/1/pose/pose_estimation_hugo_11_0_8.gif'),(31,1,1686142146.0592144,1686142554.510436,'/home/neovault/dev/neovault_root/upload/1/pose/pose_estimation_hugo_11_1_10.csv',''),(32,1,1686144363.1463275,1686144970.7516751,'/home/neovault/dev/neovault_root/upload/1/pose/pose_estimation_hugo_12_1_11.csv','/home/neovault/dev/neovault_root/upload/1/pose/pose_estimation_hugo_12_1_11.gif'),(33,1,1686143753.7588332,1686144362.8382194,'/home/neovault/dev/neovault_root/upload/1/pose/pose_estimation_hugo_12_0_13.csv',''),(34,1,1686144971.1112714,1686145523.4170144,'/home/neovault/dev/neovault_root/upload/1/pose/pose_estimation_hugo_12_2_14.csv',''),(35,1,1686232819.2877889,1686233428.6320646,'/home/neovault/dev/neovault_root/upload/1/pose/pose_estimation_hugo_13_0_15.csv','/home/neovault/dev/neovault_root/upload/1/pose/pose_estimation_hugo_13_0_15.gif'),(36,1,1686234036.2418442,1686234643.336807,'/home/neovault/dev/neovault_root/upload/1/pose/pose_estimation_hugo_13_2_17.csv',''),(37,1,1686233429.018068,1686234035.8577542,'/home/neovault/dev/neovault_root/upload/1/pose/pose_estimation_hugo_13_1_18.csv',''),(38,1,1686234849.8215694,1686235458.5957491,'/home/neovault/dev/neovault_root/upload/1/pose/pose_estimation_hugo_14_0_19.csv','/home/neovault/dev/neovault_root/upload/1/pose/pose_estimation_hugo_14_0_19.gif'),(39,1,1686235458.8875804,1686236065.9653044,'/home/neovault/dev/neovault_root/upload/1/pose/pose_estimation_hugo_14_1_21.csv',''),(40,1,1686236066.2234678,1686236673.1355703,'/home/neovault/dev/neovault_root/upload/1/pose/pose_estimation_hugo_14_2_22.csv',''),(41,1,1686236904.9644156,1686237516.124671,'/home/neovault/dev/neovault_root/upload/1/pose/pose_estimation_hugo_15_0_23.csv','/home/neovault/dev/neovault_root/upload/1/pose/pose_estimation_hugo_15_0_23.gif'),(42,1,1686237516.5598636,1686238123.154434,'/home/neovault/dev/neovault_root/upload/1/pose/pose_estimation_hugo_15_1_25.csv',''),(43,1,1686238123.535756,1686238512.4063032,'/home/neovault/dev/neovault_root/upload/1/pose/pose_estimation_hugo_15_2_26.csv',''),(44,1,1686660226.696847,1686660835.9325533,'/home/neovault/dev/neovault_root/upload/1/pose/pose_estimation_hugo_16_0_27.csv','/home/neovault/dev/neovault_root/upload/1/pose/pose_estimation_hugo_16_0_27.gif'),(45,1,1686660836.1477149,1686661443.0722394,'/home/neovault/dev/neovault_root/upload/1/pose/pose_estimation_hugo_16_1_29.csv',''),(46,1,1686661443.3749917,1686662050.2014751,'/home/neovault/dev/neovault_root/upload/1/pose/pose_estimation_hugo_16_2_30.csv',''),(47,1,1686663820.9492502,1686664427.9983914,'/home/neovault/dev/neovault_root/upload/1/pose/pose_estimation_hugo_17_1_31.csv','/home/neovault/dev/neovault_root/upload/1/pose/pose_estimation_hugo_17_1_31.gif'),(48,1,1686664428.3318436,1686665035.1388006,'/home/neovault/dev/neovault_root/upload/1/pose/pose_estimation_hugo_17_2_33.csv',''),(49,1,1686663211.772849,1686663820.6462982,'/home/neovault/dev/neovault_root/upload/1/pose/pose_estimation_hugo_17_0_34.csv',''),(50,1,1686666496.2775056,1686667101.9425895,'/home/neovault/dev/neovault_root/upload/1/pose/pose_estimation_hugo_18_2_35.csv','/home/neovault/dev/neovault_root/upload/1/pose/pose_estimation_hugo_18_2_35.gif'),(51,1,1686665888.872568,1686666495.3098495,'/home/neovault/dev/neovault_root/upload/1/pose/pose_estimation_hugo_18_1_37.csv',''),(52,1,1686665281.7056532,1686665888.2083857,'/home/neovault/dev/neovault_root/upload/1/pose/pose_estimation_hugo_18_0_38.csv',''),(53,1,1686668030.4781194,1686668637.9449346,'/home/neovault/dev/neovault_root/upload/1/pose/pose_estimation_hugo_19_1_39.csv','/home/neovault/dev/neovault_root/upload/1/pose/pose_estimation_hugo_19_1_39.gif'),(54,1,1686667421.3855257,1686668030.1598146,'/home/neovault/dev/neovault_root/upload/1/pose/pose_estimation_hugo_19_0_41.csv',''),(55,1,1686668638.278457,1686669245.0545766,'/home/neovault/dev/neovault_root/upload/1/pose/pose_estimation_hugo_19_2_42.csv',''),(56,1,1685806025.0878618,1685806633.316185,'/home/neovault/dev/neovault_root/upload/1/pose/pose_estimation_hugo_2_0_43.csv','/home/neovault/dev/neovault_root/upload/1/pose/pose_estimation_hugo_2_0_43.gif'),(57,1,1685806633.5678074,1685806767.743228,'/home/neovault/dev/neovault_root/upload/1/pose/pose_estimation_hugo_2_1_45.csv',''),(58,1,1686669549.9906187,1686670158.555744,'/home/neovault/dev/neovault_root/upload/1/pose/pose_estimation_hugo_20_0_46.csv','/home/neovault/dev/neovault_root/upload/1/pose/pose_estimation_hugo_20_0_46.gif'),(59,1,1686670158.9218109,1686670469.7522664,'/home/neovault/dev/neovault_root/upload/1/pose/pose_estimation_hugo_20_1_48.csv',''),(60,1,1685968325.9476264,1685968933.9711573,'/home/neovault/dev/neovault_root/upload/1/pose/pose_estimation_hugo_3_0_49.csv','/home/neovault/dev/neovault_root/upload/1/pose/pose_estimation_hugo_3_0_49.gif'),(61,1,1685969541.0731535,1685970148.0280468,'/home/neovault/dev/neovault_root/upload/1/pose/pose_estimation_hugo_3_2_51.csv',''),(62,1,1685968934.2755318,1685969540.798073,'/home/neovault/dev/neovault_root/upload/1/pose/pose_estimation_hugo_3_1_52.csv',''),(63,1,1685971029.028426,1685971637.6661775,'/home/neovault/dev/neovault_root/upload/1/pose/pose_estimation_hugo_5_0_53.csv','/home/neovault/dev/neovault_root/upload/1/pose/pose_estimation_hugo_5_0_53.gif'),(64,1,1685972245.281776,1685972852.0044403,'/home/neovault/dev/neovault_root/upload/1/pose/pose_estimation_hugo_5_2_55.csv',''),(65,1,1685971638.0409534,1685972245.0245926,'/home/neovault/dev/neovault_root/upload/1/pose/pose_estimation_hugo_5_1_56.csv',''),(66,1,1685973278.0675223,1685973886.4036748,'/home/neovault/dev/neovault_root/upload/1/pose/pose_estimation_hugo_6_0_57.csv','/home/neovault/dev/neovault_root/upload/1/pose/pose_estimation_hugo_6_0_57.gif'),(67,1,1685973886.7356586,1685974493.958728,'/home/neovault/dev/neovault_root/upload/1/pose/pose_estimation_hugo_6_1_59.csv',''),(68,1,1686062598.1633654,1686063202.8674457,'/home/neovault/dev/neovault_root/upload/1/pose/pose_estimation_hugo_7_2_60.csv','/home/neovault/dev/neovault_root/upload/1/pose/pose_estimation_hugo_7_2_60.gif'),(69,1,1686061386.2994046,1686061992.2374022,'/home/neovault/dev/neovault_root/upload/1/pose/pose_estimation_hugo_7_0_62.csv',''),(70,1,1686061992.394149,1686062597.7700074,'/home/neovault/dev/neovault_root/upload/1/pose/pose_estimation_hugo_7_1_63.csv',''),(71,1,1686063486.0165825,1686064092.7555346,'/home/neovault/dev/neovault_root/upload/1/pose/pose_estimation_hugo_8_0_64.csv','/home/neovault/dev/neovault_root/upload/1/pose/pose_estimation_hugo_8_0_64.gif'),(72,1,1686064092.9584007,1686064700.0821414,'/home/neovault/dev/neovault_root/upload/1/pose/pose_estimation_hugo_8_1_66.csv',''),(73,1,1686064700.322369,1686065306.7830062,'/home/neovault/dev/neovault_root/upload/1/pose/pose_estimation_hugo_8_2_67.csv',''),(74,1,1686065596.043042,1686066059.9090102,'/home/neovault/dev/neovault_root/upload/1/pose/pose_estimation_hugo_9_0_68.csv','/home/neovault/dev/neovault_root/upload/1/pose/pose_estimation_hugo_9_0_68.gif'),(75,2,1685801976.064619,1685802583.9972656,'/home/neovault/dev/neovault_root/upload/2/pose/pose_estimation_jeronimo_1_0_0.csv','/home/neovault/dev/neovault_root/upload/2/pose/pose_estimation_jeronimo_1_0_0.gif'),(76,2,1685802584.2068906,1685803190.515566,'/home/neovault/dev/neovault_root/upload/2/pose/pose_estimation_jeronimo_1_1_2.csv',''),(77,2,1686148094.2868593,1686148701.0758705,'/home/neovault/dev/neovault_root/upload/2/pose/pose_estimation_jeronimo_10_2_3.csv','/home/neovault/dev/neovault_root/upload/2/pose/pose_estimation_jeronimo_10_2_3.gif'),(78,2,1686147487.1198308,1686148093.9044318,'/home/neovault/dev/neovault_root/upload/2/pose/pose_estimation_jeronimo_10_1_5.csv',''),(79,2,1686146877.8817418,1686147486.8579855,'/home/neovault/dev/neovault_root/upload/2/pose/pose_estimation_jeronimo_10_0_6.csv',''),(80,2,1686150359.079266,1686150920.2968345,'/home/neovault/dev/neovault_root/upload/2/pose/pose_estimation_jeronimo_11_2_7.csv','/home/neovault/dev/neovault_root/upload/2/pose/pose_estimation_jeronimo_11_2_7.gif'),(81,2,1686149116.6801157,1686149723.6063142,'/home/neovault/dev/neovault_root/upload/2/pose/pose_estimation_jeronimo_11_0_9.csv',''),(82,2,1686149727.7259748,1686150290.0522296,'/home/neovault/dev/neovault_root/upload/2/pose/pose_estimation_jeronimo_11_1_10.csv',''),(83,2,1686151380.1368113,1686151671.6291876,'/home/neovault/dev/neovault_root/upload/2/pose/pose_estimation_jeronimo_12_0_11.csv','/home/neovault/dev/neovault_root/upload/2/pose/pose_estimation_jeronimo_12_0_11.gif'),(84,2,1686225771.7108474,1686226380.6821103,'/home/neovault/dev/neovault_root/upload/2/pose/pose_estimation_hugo_13_0_13.csv','/home/neovault/dev/neovault_root/upload/2/pose/pose_estimation_hugo_13_0_13.gif'),(85,2,1686226988.8270888,1686227597.5908225,'/home/neovault/dev/neovault_root/upload/2/pose/pose_estimation_hugo_13_2_15.csv',''),(86,2,1686226380.9473915,1686226988.587324,'/home/neovault/dev/neovault_root/upload/2/pose/pose_estimation_hugo_13_1_16.csv',''),(87,2,1686228660.7307389,1686229169.6265786,'/home/neovault/dev/neovault_root/upload/2/pose/pose_estimation_jeronimo_14_1_17.csv','/home/neovault/dev/neovault_root/upload/2/pose/pose_estimation_jeronimo_14_1_17.gif'),(88,2,1686228032.5357616,1686228640.2676766,'/home/neovault/dev/neovault_root/upload/2/pose/pose_estimation_jeronimo_14_0_19.csv',''),(89,2,1686229246.516389,1686229680.2456992,'/home/neovault/dev/neovault_root/upload/2/pose/pose_estimation_jeronimo_14_2_20.csv',''),(90,2,1686231209.637996,1686231816.2937946,'/home/neovault/dev/neovault_root/upload/2/pose/pose_estimation_jeronimo_15_2_21.csv','/home/neovault/dev/neovault_root/upload/2/pose/pose_estimation_jeronimo_15_2_21.gif'),(91,2,1686230602.3849905,1686231209.3670497,'/home/neovault/dev/neovault_root/upload/2/pose/pose_estimation_jeronimo_15_1_23.csv',''),(92,2,1686229993.201359,1686230602.1290216,'/home/neovault/dev/neovault_root/upload/2/pose/pose_estimation_jeronimo_15_0_24.csv',''),(93,2,1685887816.6338236,1685888424.654924,'/home/neovault/dev/neovault_root/upload/2/pose/pose_estimation_jeronimo_2_0_25.csv','/home/neovault/dev/neovault_root/upload/2/pose/pose_estimation_jeronimo_2_0_25.gif'),(94,2,1685889032.855498,1685889638.2238803,'/home/neovault/dev/neovault_root/upload/2/pose/pose_estimation_jeronimo_2_2_27.csv',''),(95,2,1685888428.031783,1685889030.8450575,'/home/neovault/dev/neovault_root/upload/2/pose/pose_estimation_jeronimo_2_1_28.csv',''),(96,2,1685891076.562984,1685891675.653575,'/home/neovault/dev/neovault_root/upload/2/pose/pose_estimation_jeronimo_3_2_29.csv','/home/neovault/dev/neovault_root/upload/2/pose/pose_estimation_jeronimo_3_2_29.gif'),(97,2,1685890469.6428325,1685891075.884133,'/home/neovault/dev/neovault_root/upload/2/pose/pose_estimation_jeronimo_3_1_31.csv',''),(98,2,1685889864.8932903,1685890468.6835256,'/home/neovault/dev/neovault_root/upload/2/pose/pose_estimation_jeronimo_3_0_32.csv',''),(99,2,1685892043.0998597,1685892086.2727718,'/home/neovault/dev/neovault_root/upload/2/pose/pose_estimation_jeronimo_4_0_33.csv','/home/neovault/dev/neovault_root/upload/2/pose/pose_estimation_jeronimo_4_0_33.gif'),(100,2,1685975265.8311768,1685975870.7995737,'/home/neovault/dev/neovault_root/upload/2/pose/pose_estimation_jeronimo_5_0_35.csv','/home/neovault/dev/neovault_root/upload/2/pose/pose_estimation_jeronimo_5_0_35.gif'),(101,2,1685976474.8906815,1685977078.4920435,'/home/neovault/dev/neovault_root/upload/2/pose/pose_estimation_jeronimo_5_2_37.csv',''),(102,2,1685975871.1739235,1685976474.5979524,'/home/neovault/dev/neovault_root/upload/2/pose/pose_estimation_jeronimo_5_1_38.csv',''),(103,2,1685978170.6068506,1685978568.5705168,'/home/neovault/dev/neovault_root/upload/2/pose/pose_estimation_jeronimo_6_1_39.csv','/home/neovault/dev/neovault_root/upload/2/pose/pose_estimation_jeronimo_6_1_39.gif'),(104,2,1685977565.7682471,1685978170.3513122,'/home/neovault/dev/neovault_root/upload/2/pose/pose_estimation_jeronimo_6_0_41.csv',''),(105,2,1686055700.863445,1686056196.751853,'/home/neovault/dev/neovault_root/upload/2/pose/pose_estimation_jeronimo_7_2_42.csv','/home/neovault/dev/neovault_root/upload/2/pose/pose_estimation_jeronimo_7_2_42.gif'),(106,2,1686054983.7649674,1686055479.06846,'/home/neovault/dev/neovault_root/upload/2/pose/pose_estimation_jeronimo_7_1_44.csv',''),(107,2,1686054372.2144098,1686054976.675774,'/home/neovault/dev/neovault_root/upload/2/pose/pose_estimation_jeronimo_7_0_45.csv',''),(108,2,1686057802.9144204,1686057820.0162275,'/home/neovault/dev/neovault_root/upload/2/pose/pose_estimation_jeronimo_8_2_46.csv','/home/neovault/dev/neovault_root/upload/2/pose/pose_estimation_jeronimo_8_2_46.gif'),(109,2,1686057202.8133404,1686057758.6590886,'/home/neovault/dev/neovault_root/upload/2/pose/pose_estimation_jeronimo_8_1_48.csv',''),(110,2,1686056594.5268874,1686057202.5365236,'/home/neovault/dev/neovault_root/upload/2/pose/pose_estimation_jeronimo_8_0_49.csv',''),(111,2,1686058839.5291808,1686059447.9866676,'/home/neovault/dev/neovault_root/upload/2/pose/pose_estimation_jeronimo_9_0_50.csv','/home/neovault/dev/neovault_root/upload/2/pose/pose_estimation_jeronimo_9_0_50.gif'),(112,2,1686060055.038979,1686060658.5503786,'/home/neovault/dev/neovault_root/upload/2/pose/pose_estimation_jeronimo_9_2_52.csv',''),(113,2,1686059448.2863517,1686060054.710461,'/home/neovault/dev/neovault_root/upload/2/pose/pose_estimation_jeronimo_9_1_53.csv',''),(114,9,1676542252.2352765,1676542553.8304696,'/home/neovault/dev/neovault_root/upload/9/pose/pose_estimation_julia_1_0_0.csv','/home/neovault/dev/neovault_root/upload/9/pose/pose_estimation_julia_1_0_0.gif'),(115,9,1676542854.9499657,1676543155.6865668,'/home/neovault/dev/neovault_root/upload/9/pose/pose_estimation_julia_1_2_2.csv',''),(116,9,1676543155.8651106,1676543438.308653,'/home/neovault/dev/neovault_root/upload/9/pose/pose_estimation_julia_1_3_3.csv',''),(117,9,1676542553.9874945,1676542854.7334387,'/home/neovault/dev/neovault_root/upload/9/pose/pose_estimation_julia_1_1_4.csv',''),(118,11,1687939113.6470451,1687939719.7531052,'/home/neovault/dev/neovault_root/upload/11/pose/pose_estimation_kylian_1_2_0.csv','/home/neovault/dev/neovault_root/upload/11/pose/pose_estimation_kylian_1_2_0.gif'),(119,11,1687938506.754472,1687939113.256106,'/home/neovault/dev/neovault_root/upload/11/pose/pose_estimation_kylian_1_1_2.csv',''),(120,11,1687937898.522102,1687938506.4656398,'/home/neovault/dev/neovault_root/upload/11/pose/pose_estimation_kylian_1_0_3.csv',''),(121,11,1688029813.30174,1688030418.2237022,'/home/neovault/dev/neovault_root/upload/11/pose/pose_estimation_kylian_10_0_4.csv','/home/neovault/dev/neovault_root/upload/11/pose/pose_estimation_kylian_10_0_4.gif'),(122,11,1688030418.603815,1688031023.0780082,'/home/neovault/dev/neovault_root/upload/11/pose/pose_estimation_kylian_10_1_6.csv',''),(123,11,1688031023.454072,1688031626.9581954,'/home/neovault/dev/neovault_root/upload/11/pose/pose_estimation_kylian_10_2_7.csv',''),(124,11,1688032540.6782112,1688033135.5565631,'/home/neovault/dev/neovault_root/upload/11/pose/pose_estimation_kylian_11_1_8.csv','/home/neovault/dev/neovault_root/upload/11/pose/pose_estimation_kylian_11_1_8.gif'),(125,11,1688031934.73002,1688032540.3090346,'/home/neovault/dev/neovault_root/upload/11/pose/pose_estimation_kylian_11_0_10.csv',''),(126,11,1688033140.9659426,1688033142.2557511,'/home/neovault/dev/neovault_root/upload/11/pose/pose_estimation_kylian_11_2_11.csv',''),(127,11,1688034164.2334557,1688034228.3958662,'/home/neovault/dev/neovault_root/upload/11/pose/pose_estimation_kylian_12_0_12.csv','/home/neovault/dev/neovault_root/upload/11/pose/pose_estimation_kylian_12_0_12.gif'),(128,11,1688034497.765478,1688035102.740862,'/home/neovault/dev/neovault_root/upload/11/pose/pose_estimation_kylian_13_0_14.csv','/home/neovault/dev/neovault_root/upload/11/pose/pose_estimation_kylian_13_0_14.gif'),(129,11,1688035103.2361944,1688035707.0791802,'/home/neovault/dev/neovault_root/upload/11/pose/pose_estimation_kylian_13_1_16.csv',''),(130,11,1688035707.4926224,1688036310.7204375,'/home/neovault/dev/neovault_root/upload/11/pose/pose_estimation_kylian_13_2_17.csv',''),(131,11,1688036556.428126,1688037162.3722196,'/home/neovault/dev/neovault_root/upload/11/pose/pose_estimation_kylian_14_0_18.csv','/home/neovault/dev/neovault_root/upload/11/pose/pose_estimation_kylian_14_0_18.gif'),(132,11,1688037162.6909082,1688037321.954836,'/home/neovault/dev/neovault_root/upload/11/pose/pose_estimation_kylian_14_1_20.csv',''),(133,11,1687941138.2063358,1687941745.3477538,'/home/neovault/dev/neovault_root/upload/11/pose/pose_estimation_kylian_2_2_21.csv','/home/neovault/dev/neovault_root/upload/11/pose/pose_estimation_kylian_2_2_21.gif'),(134,11,1687939921.821253,1687940530.4962397,'/home/neovault/dev/neovault_root/upload/11/pose/pose_estimation_kylian_2_0_23.csv',''),(135,11,1687940530.664407,1687941137.8383205,'/home/neovault/dev/neovault_root/upload/11/pose/pose_estimation_kylian_2_1_24.csv',''),(136,11,1687941958.7411134,1687942567.13606,'/home/neovault/dev/neovault_root/upload/11/pose/pose_estimation_kylian_3_0_25.csv','/home/neovault/dev/neovault_root/upload/11/pose/pose_estimation_kylian_3_0_25.gif'),(137,11,1687943173.9708836,1687943781.0427864,'/home/neovault/dev/neovault_root/upload/11/pose/pose_estimation_kylian_3_2_27.csv',''),(138,11,1687942567.4989789,1687943173.7396138,'/home/neovault/dev/neovault_root/upload/11/pose/pose_estimation_kylian_3_1_28.csv',''),(139,11,1687943992.3127568,1687944601.6019945,'/home/neovault/dev/neovault_root/upload/11/pose/pose_estimation_kylian_4_0_29.csv','/home/neovault/dev/neovault_root/upload/11/pose/pose_estimation_kylian_4_0_29.gif'),(140,11,1687944602.1538818,1687945211.4669352,'/home/neovault/dev/neovault_root/upload/11/pose/pose_estimation_kylian_4_1_31.csv',''),(141,11,1687945211.77633,1687945819.149893,'/home/neovault/dev/neovault_root/upload/11/pose/pose_estimation_kylian_4_2_32.csv',''),(142,11,1687946014.0926385,1687946255.7202263,'/home/neovault/dev/neovault_root/upload/11/pose/pose_estimation_kylian_5_0_33.csv','/home/neovault/dev/neovault_root/upload/11/pose/pose_estimation_kylian_5_0_33.gif'),(143,11,1687949570.3319714,1687950177.2071836,'/home/neovault/dev/neovault_root/upload/11/pose/pose_estimation_kylian_6_2_35.csv','/home/neovault/dev/neovault_root/upload/11/pose/pose_estimation_kylian_6_2_35.gif'),(144,11,1687948354.5676634,1687948962.8966317,'/home/neovault/dev/neovault_root/upload/11/pose/pose_estimation_kylian_6_0_37.csv',''),(145,11,1687948963.119537,1687949570.005751,'/home/neovault/dev/neovault_root/upload/11/pose/pose_estimation_kylian_6_1_38.csv',''),(146,11,1688022688.491797,1688022929.4626088,'/home/neovault/dev/neovault_root/upload/11/pose/pose_estimation_kylian_7_0_39.csv','/home/neovault/dev/neovault_root/upload/11/pose/pose_estimation_kylian_7_0_39.gif'),(147,11,1688025397.9211378,1688026006.5446415,'/home/neovault/dev/neovault_root/upload/11/pose/pose_estimation_kylian_8_0_41.csv','/home/neovault/dev/neovault_root/upload/11/pose/pose_estimation_kylian_8_0_41.gif'),(148,11,1688026614.3243723,1688027220.9856522,'/home/neovault/dev/neovault_root/upload/11/pose/pose_estimation_kylian_8_2_43.csv',''),(149,11,1688026006.785214,1688026613.9938743,'/home/neovault/dev/neovault_root/upload/11/pose/pose_estimation_kylian_8_1_44.csv',''),(150,11,1688028212.0468965,1688028815.7237303,'/home/neovault/dev/neovault_root/upload/11/pose/pose_estimation_kylian_9_1_45.csv','/home/neovault/dev/neovault_root/upload/11/pose/pose_estimation_kylian_9_1_45.gif'),(151,11,1688027602.7758029,1688028211.6585808,'/home/neovault/dev/neovault_root/upload/11/pose/pose_estimation_kylian_9_0_47.csv',''),(152,11,1688028815.986276,1688029420.0104485,'/home/neovault/dev/neovault_root/upload/11/pose/pose_estimation_kylian_9_2_48.csv',''),(153,5,1687622172.1396365,1687622691.221782,'/home/neovault/dev/neovault_root/upload/5/pose/pose_estimation_lara_1_2_0.csv','/home/neovault/dev/neovault_root/upload/5/pose/pose_estimation_lara_1_2_0.gif'),(154,5,1687620871.746506,1687621476.7162468,'/home/neovault/dev/neovault_root/upload/5/pose/pose_estimation_lara_1_0_2.csv',''),(155,5,1687621477.5032425,1687622075.8347576,'/home/neovault/dev/neovault_root/upload/5/pose/pose_estimation_lara_1_1_3.csv',''),(156,8,1676543854.8558924,1676544155.7686172,'/home/neovault/dev/neovault_root/upload/8/pose/pose_estimation_leo_1_1_0.csv','/home/neovault/dev/neovault_root/upload/8/pose/pose_estimation_leo_1_1_0.gif'),(157,8,1676544457.01826,1676544757.3370242,'/home/neovault/dev/neovault_root/upload/8/pose/pose_estimation_leo_1_3_2.csv',''),(158,8,1676544758.0024786,1676545058.7216566,'/home/neovault/dev/neovault_root/upload/8/pose/pose_estimation_leo_1_4_3.csv',''),(159,8,1676543553.1723957,1676543854.693467,'/home/neovault/dev/neovault_root/upload/8/pose/pose_estimation_leo_1_0_4.csv',''),(160,8,1676544155.9828942,1676544456.752828,'/home/neovault/dev/neovault_root/upload/8/pose/pose_estimation_leo_1_2_5.csv',''),(161,8,1676545058.8851533,1676545270.706089,'/home/neovault/dev/neovault_root/upload/8/pose/pose_estimation_leo_1_5_6.csv',''),(162,7,1687445260.755336,1687445867.7458262,'/home/neovault/dev/neovault_root/upload/7/pose/pose_estimation_martin_1_2_0.csv','/home/neovault/dev/neovault_root/upload/7/pose/pose_estimation_martin_1_2_0.gif'),(163,7,1687444045.8873973,1687444653.92752,'/home/neovault/dev/neovault_root/upload/7/pose/pose_estimation_martin_1_0_2.csv',''),(164,7,1687444654.158596,1687445260.4348595,'/home/neovault/dev/neovault_root/upload/7/pose/pose_estimation_martin_1_1_3.csv',''),(165,7,1687620263.085079,1687620300.879187,'/home/neovault/dev/neovault_root/upload/7/pose/pose_estimation_martin_10_1_4.csv','/home/neovault/dev/neovault_root/upload/7/pose/pose_estimation_martin_10_1_4.gif'),(166,7,1687619652.7774725,1687620256.6726303,'/home/neovault/dev/neovault_root/upload/7/pose/pose_estimation_martin_10_0_6.csv',''),(167,7,1687705861.7277749,1687706470.667829,'/home/neovault/dev/neovault_root/upload/7/pose/pose_estimation_martin_11_0_7.csv','/home/neovault/dev/neovault_root/upload/7/pose/pose_estimation_martin_11_0_7.gif'),(168,7,1687707078.1573129,1687707684.825929,'/home/neovault/dev/neovault_root/upload/7/pose/pose_estimation_martin_11_2_9.csv',''),(169,7,1687706470.9901466,1687707077.825655,'/home/neovault/dev/neovault_root/upload/7/pose/pose_estimation_martin_11_1_10.csv',''),(170,7,1687707972.9310062,1687708410.0580938,'/home/neovault/dev/neovault_root/upload/7/pose/pose_estimation_martin_12_0_11.csv','/home/neovault/dev/neovault_root/upload/7/pose/pose_estimation_martin_12_0_11.gif'),(171,7,1687767303.3000467,1687767910.4850588,'/home/neovault/dev/neovault_root/upload/7/pose/pose_estimation_martin_13_1_13.csv','/home/neovault/dev/neovault_root/upload/7/pose/pose_estimation_martin_13_1_13.gif'),(172,7,1687767910.7588365,1687768518.382697,'/home/neovault/dev/neovault_root/upload/7/pose/pose_estimation_martin_13_2_15.csv',''),(173,7,1687766693.85155,1687767302.994113,'/home/neovault/dev/neovault_root/upload/7/pose/pose_estimation_martin_13_0_16.csv',''),(174,7,1687769019.4395266,1687769627.4883106,'/home/neovault/dev/neovault_root/upload/7/pose/pose_estimation_martin_14_0_17.csv','/home/neovault/dev/neovault_root/upload/7/pose/pose_estimation_martin_14_0_17.gif'),(175,7,1687769627.8127277,1687770234.0852008,'/home/neovault/dev/neovault_root/upload/7/pose/pose_estimation_martin_14_1_19.csv',''),(176,7,1687770234.3427515,1687770841.4979646,'/home/neovault/dev/neovault_root/upload/7/pose/pose_estimation_martin_14_2_20.csv',''),(177,7,1687771682.5157492,1687771754.4040852,'/home/neovault/dev/neovault_root/upload/7/pose/pose_estimation_martin_15_1_21.csv','/home/neovault/dev/neovault_root/upload/7/pose/pose_estimation_martin_15_1_21.gif'),(178,7,1687771079.6933322,1687771653.9174187,'/home/neovault/dev/neovault_root/upload/7/pose/pose_estimation_martin_15_0_23.csv',''),(179,7,1687856237.945511,1687856535.8954191,'/home/neovault/dev/neovault_root/upload/7/pose/pose_estimation_martin_16_1_24.csv','/home/neovault/dev/neovault_root/upload/7/pose/pose_estimation_martin_16_1_24.gif'),(180,7,1687855628.012492,1687856235.9173903,'/home/neovault/dev/neovault_root/upload/7/pose/pose_estimation_martin_16_0_26.csv',''),(181,7,1687446134.9234178,1687446752.057309,'/home/neovault/dev/neovault_root/upload/7/pose/pose_estimation_martin_2_0_27.csv','/home/neovault/dev/neovault_root/upload/7/pose/pose_estimation_martin_2_0_27.gif'),(182,7,1687446753.2280035,1687447359.818002,'/home/neovault/dev/neovault_root/upload/7/pose/pose_estimation_martin_2_1_29.csv',''),(183,7,1687447360.3313048,1687447967.0317748,'/home/neovault/dev/neovault_root/upload/7/pose/pose_estimation_martin_2_2_30.csv',''),(184,7,1687448798.84341,1687448969.9851303,'/home/neovault/dev/neovault_root/upload/7/pose/pose_estimation_martin_3_1_31.csv','/home/neovault/dev/neovault_root/upload/7/pose/pose_estimation_martin_3_1_31.gif'),(185,7,1687448189.4175875,1687448798.494515,'/home/neovault/dev/neovault_root/upload/7/pose/pose_estimation_martin_3_0_33.csv',''),(186,7,1687509329.4818375,1687509936.6795492,'/home/neovault/dev/neovault_root/upload/7/pose/pose_estimation_martin_4_2_34.csv','/home/neovault/dev/neovault_root/upload/7/pose/pose_estimation_martin_4_2_34.gif'),(187,7,1687508722.0863447,1687509329.2492747,'/home/neovault/dev/neovault_root/upload/7/pose/pose_estimation_martin_4_1_36.csv',''),(188,7,1687508113.67128,1687508721.6692147,'/home/neovault/dev/neovault_root/upload/7/pose/pose_estimation_martin_4_0_37.csv',''),(189,7,1687510865.7870018,1687511085.3757625,'/home/neovault/dev/neovault_root/upload/7/pose/pose_estimation_martin_5_1_38.csv','/home/neovault/dev/neovault_root/upload/7/pose/pose_estimation_martin_5_1_38.gif'),(190,7,1687510259.935899,1687510865.5250573,'/home/neovault/dev/neovault_root/upload/7/pose/pose_estimation_martin_5_0_40.csv',''),(191,7,1687529906.4282308,1687530510.3089952,'/home/neovault/dev/neovault_root/upload/7/pose/pose_estimation_martin_6_1_41.csv','/home/neovault/dev/neovault_root/upload/7/pose/pose_estimation_martin_6_1_41.gif'),(192,7,1687529299.5993187,1687529906.0405571,'/home/neovault/dev/neovault_root/upload/7/pose/pose_estimation_martin_6_0_43.csv',''),(193,7,1687530510.696724,1687531114.559149,'/home/neovault/dev/neovault_root/upload/7/pose/pose_estimation_martin_6_2_44.csv',''),(194,7,1687532934.0283916,1687533537.168837,'/home/neovault/dev/neovault_root/upload/7/pose/pose_estimation_martin_7_2_45.csv','/home/neovault/dev/neovault_root/upload/7/pose/pose_estimation_martin_7_2_45.gif'),(195,7,1687532329.822607,1687532933.645095,'/home/neovault/dev/neovault_root/upload/7/pose/pose_estimation_martin_7_1_47.csv',''),(196,7,1687531724.6188357,1687532329.3706243,'/home/neovault/dev/neovault_root/upload/7/pose/pose_estimation_martin_7_0_48.csv',''),(197,7,1687533761.997364,1687534368.0744898,'/home/neovault/dev/neovault_root/upload/7/pose/pose_estimation_martin_8_0_49.csv','/home/neovault/dev/neovault_root/upload/7/pose/pose_estimation_martin_8_0_49.gif'),(198,7,1687534368.50825,1687534972.1924975,'/home/neovault/dev/neovault_root/upload/7/pose/pose_estimation_martin_8_1_51.csv',''),(199,7,1687534972.5309644,1687535502.6139102,'/home/neovault/dev/neovault_root/upload/7/pose/pose_estimation_martin_8_2_52.csv',''),(200,7,1687617514.8594427,1687618123.6011224,'/home/neovault/dev/neovault_root/upload/7/pose/pose_estimation_martin_9_0_53.csv','/home/neovault/dev/neovault_root/upload/7/pose/pose_estimation_martin_9_0_53.gif'),(201,7,1687618732.2392647,1687619339.6475692,'/home/neovault/dev/neovault_root/upload/7/pose/pose_estimation_martin_9_2_55.csv',''),(202,7,1687618123.975736,1687618731.9063113,'/home/neovault/dev/neovault_root/upload/7/pose/pose_estimation_martin_9_1_56.csv',''),(203,6,1687334649.710114,1687335258.116573,'/home/neovault/dev/neovault_root/upload/6/pose/pose_estimation_martina_1_0_0.csv','/home/neovault/dev/neovault_root/upload/6/pose/pose_estimation_martina_1_0_0.gif'),(204,6,1687335864.7890108,1687336471.555785,'/home/neovault/dev/neovault_root/upload/6/pose/pose_estimation_martina_1_2_2.csv',''),(205,6,1687335258.4362564,1687335864.358752,'/home/neovault/dev/neovault_root/upload/6/pose/pose_estimation_martina_1_1_3.csv',''),(206,6,1687337479.8964095,1687338086.49369,'/home/neovault/dev/neovault_root/upload/6/pose/pose_estimation_martina_2_1_4.csv','/home/neovault/dev/neovault_root/upload/6/pose/pose_estimation_martina_2_1_4.gif'),(207,6,1687336871.670931,1687337479.639843,'/home/neovault/dev/neovault_root/upload/6/pose/pose_estimation_martina_2_0_6.csv',''),(208,6,1687338086.7835567,1687338693.5915349,'/home/neovault/dev/neovault_root/upload/6/pose/pose_estimation_martina_2_2_7.csv',''),(209,6,1687339230.073476,1687339837.7327938,'/home/neovault/dev/neovault_root/upload/6/pose/pose_estimation_martina_3_0_8.csv','/home/neovault/dev/neovault_root/upload/6/pose/pose_estimation_martina_3_0_8.gif'),(210,6,1687339838.1579156,1687340268.1393497,'/home/neovault/dev/neovault_root/upload/6/pose/pose_estimation_martina_3_1_10.csv',''),(211,6,1687340961.1305094,1687341026.0949025,'/home/neovault/dev/neovault_root/upload/6/pose/pose_estimation_martina_4_0_11.csv','/home/neovault/dev/neovault_root/upload/6/pose/pose_estimation_martina_4_0_11.gif'),(212,6,1687341444.796768,1687341799.2794707,'/home/neovault/dev/neovault_root/upload/6/pose/pose_estimation_martina_5_0_13.csv','/home/neovault/dev/neovault_root/upload/6/pose/pose_estimation_martina_5_0_13.gif'),(213,6,1687343777.3765252,1687343950.3461468,'/home/neovault/dev/neovault_root/upload/6/pose/pose_estimation_martina_6_0_15.csv','/home/neovault/dev/neovault_root/upload/6/pose/pose_estimation_martina_6_0_15.gif'),(214,6,1687344122.2201335,1687344194.3881786,'/home/neovault/dev/neovault_root/upload/6/pose/pose_estimation_martina_0_17.csv','/home/neovault/dev/neovault_root/upload/6/pose/pose_estimation_martina_0_17.gif'),(215,4,1686753978.3369474,1686754585.0562177,'/home/neovault/dev/neovault_root/upload/4/pose/pose_estimation_victor_1_2_0.csv','/home/neovault/dev/neovault_root/upload/4/pose/pose_estimation_victor_1_2_0.gif'),(216,4,1686753372.0717857,1686753978.1211133,'/home/neovault/dev/neovault_root/upload/4/pose/pose_estimation_victor_1_1_2.csv',''),(217,4,1686752763.1122842,1686753371.4591825,'/home/neovault/dev/neovault_root/upload/4/pose/pose_estimation_victor_1_0_3.csv',''),(218,4,1686755478.3645012,1686756083.8368578,'/home/neovault/dev/neovault_root/upload/4/pose/pose_estimation_victor_2_1_4.csv','/home/neovault/dev/neovault_root/upload/4/pose/pose_estimation_victor_2_1_4.gif'),(219,4,1686756084.156391,1686756690.5153096,'/home/neovault/dev/neovault_root/upload/4/pose/pose_estimation_victor_2_2_6.csv',''),(220,4,1686754869.09523,1686755477.310162,'/home/neovault/dev/neovault_root/upload/4/pose/pose_estimation_victor_2_0_7.csv',''),(221,4,1686839703.1160758,1686840298.016163,'/home/neovault/dev/neovault_root/upload/4/pose/pose_estimation_victor_3_0_8.csv','/home/neovault/dev/neovault_root/upload/4/pose/pose_estimation_victor_3_0_8.gif'),(222,4,1686840302.9991124,1686840306.8896928,'/home/neovault/dev/neovault_root/upload/4/pose/pose_estimation_victor_3_1_10.csv',''),(223,4,1686842942.746243,1686843360.2426047,'/home/neovault/dev/neovault_root/upload/4/pose/pose_estimation_victor_4_2_11.csv','/home/neovault/dev/neovault_root/upload/4/pose/pose_estimation_victor_4_2_11.gif'),(224,4,1686842264.0046382,1686842608.5123131,'/home/neovault/dev/neovault_root/upload/4/pose/pose_estimation_victor_4_1_13.csv',''),(225,4,1686841731.6574311,1686842236.9534864,'/home/neovault/dev/neovault_root/upload/4/pose/pose_estimation_victor_4_0_14.csv','');
/*!40000 ALTER TABLE `pose` ENABLE KEYS */;
UNLOCK TABLES;
/*!40103 SET TIME_ZONE=@OLD_TIME_ZONE */;

/*!40101 SET SQL_MODE=@OLD_SQL_MODE */;
/*!40014 SET FOREIGN_KEY_CHECKS=@OLD_FOREIGN_KEY_CHECKS */;
/*!40014 SET UNIQUE_CHECKS=@OLD_UNIQUE_CHECKS */;
/*!40101 SET CHARACTER_SET_CLIENT=@OLD_CHARACTER_SET_CLIENT */;
/*!40101 SET CHARACTER_SET_RESULTS=@OLD_CHARACTER_SET_RESULTS */;
/*!40101 SET COLLATION_CONNECTION=@OLD_COLLATION_CONNECTION */;
/*!40111 SET SQL_NOTES=@OLD_SQL_NOTES */;

-- Dump completed on 2024-04-15 20:13:21
